0.0000000000e+00,9.0000000000e-01
0.0000000000e+00,8.0000000000e-01
0.0000000000e+00,7.0000000000e-01
0.0000000000e+00,6.0000000000e-01
0.0000000000e+00,6.0000000000e-01
0.0000000000e+00,6.0000000000e-01
0.0000000000e+00,6.0000000000e-01
0.0000000000e+00,6.0000000000e-01
0.0000000000e+00,6.0000000000e-01
0.0000000000e+00,6.0000000000e-01
0.0000000000e+00,6.0000000000e-01
0.0000000000e+00,6.0000000000e-01
0.0000000000e+00,6.0000000000e-01
0.0000000000e+00,6.0000000000e-01
0.0000000000e+00,6.0000000000e-01
0.0000000000e+00,6.0000000000e-01
0.0000000000e+00,6.0000000000e-01
0.0000000000e+00,6.0000000000e-01
0.0000000000e+00,6.0000000000e-01
0.0000000000e+00,6.0000000000e-01
0.0000000000e+00,6.0000000000e-01
0.0000000000e+00,6.0000000000e-01
0.0000000000e+00,6.0000000000e-01
0.0000000000e+00,6.0000000000e-01
0.0000000000e+00,6.0000000000e-01
0.0000000000e+00,6.0000000000e-01
0.0000000000e+00,6.0000000000e-01
0.0000000000e+00,6.0000000000e-01
0.0000000000e+00,6.0000000000e-01
0.0000000000e+00,6.0000000000e-01
0.0000000000e+00,6.0000000000e-01
0.0000000000e+00,6.0000000000e-01
0.0000000000e+00,6.0000000000e-01
0.0000000000e+00,6.0000000000e-01
0.0000000000e+00,6.0000000000e-01
0.0000000000e+00,6.0000000000e-01
0.0000000000e+00,6.0000000000e-01
0.0000000000e+00,6.0000000000e-01
0.0000000000e+00,6.0000000000e-01
0.0000000000e+00,6.0000000000e-01
0.0000000000e+00,6.0000000000e-01
0.0000000000e+00,6.0000000000e-01
0.0000000000e+00,6.0000000000e-01
0.0000000000e+00,6.0000000000e-01
0.0000000000e+00,6.0000000000e-01
0.0000000000e+00,6.0000000000e-01
0.0000000000e+00,6.0000000000e-01
0.0000000000e+00,6.0000000000e-01
0.0000000000e+00,6.0000000000e-01
0.0000000000e+00,6.0000000000e-01
0.0000000000e+00,6.0000000000e-01
0.0000000000e+00,6.0000000000e-01
0.0000000000e+00,6.0000000000e-01
0.0000000000e+00,6.0000000000e-01
0.0000000000e+00,6.0000000000e-01
0.0000000000e+00,6.0000000000e-01
0.0000000000e+00,6.0000000000e-01
0.0000000000e+00,6.0000000000e-01
0.0000000000e+00,6.0000000000e-01
0.0000000000e+00,6.0000000000e-01
0.0000000000e+00,6.0000000000e-01
0.0000000000e+00,6.0000000000e-01
0.0000000000e+00,6.0000000000e-01
0.0000000000e+00,6.0000000000e-01
0.0000000000e+00,6.0000000000e-01
0.0000000000e+00,6.0000000000e-01
0.0000000000e+00,6.0000000000e-01
0.0000000000e+00,7.0000000000e-01
0.0000000000e+00,8.0000000000e-01
0.0000000000e+00,9.0000000000e-01
1.7208197999e+01,1.0000000000e+00
3.4416395997e+01,1.0000000000e+00
5.1624593996e+01,1.0000000000e+00
6.6148168781e+01,1.0000000000e+00
6.5631740961e+01,1.0000000000e+00
5.7619284049e+01,1.0000000000e+00
6.1781657965e+01,1.0000000000e+00
9.3758922804e+01,1.0000000000e+00
1.5107210399e+02,1.0000000000e+00
2.1454343637e+02,1.0000000000e+00
2.6303017043e+02,1.0000000000e+00
2.8732134804e+02,1.0000000000e+00
2.9225377424e+02,1.0000000000e+00
2.8855561450e+02,1.0000000000e+00
2.8297498081e+02,1.0000000000e+00
2.7346658878e+02,1.0000000000e+00
2.5165475049e+02,1.0000000000e+00
2.1056742824e+02,1.0000000000e+00
1.5296367868e+02,1.0000000000e+00
9.5203867662e+01,1.0000000000e+00
6.2278097805e+01,1.0000000000e+00
7.3435754399e+01,1.0000000000e+00
1.2715768684e+02,1.0000000000e+00
1.9967234498e+02,1.0000000000e+00
2.6087535440e+02,1.0000000000e+00
2.9366110836e+02,1.0000000000e+00
3.0000000000e+02,1.0000000000e+00
2.9263852203e+02,1.0000000000e+00
2.8372358384e+02,1.0000000000e+00
2.7911766683e+02,1.0000000000e+00
2.7895101146e+02,1.0000000000e+00
2.8083903159e+02,1.0000000000e+00
2.8260763631e+02,1.0000000000e+00
2.8335908749e+02,1.0000000000e+00
2.8324806336e+02,1.0000000000e+00
2.8281939926e+02,1.0000000000e+00
2.8250835958e+02,1.0000000000e+00
2.8246827098e+02,1.0000000000e+00
2.8261676274e+02,1.0000000000e+00
2.8274914518e+02,1.0000000000e+00
2.8265376470e+02,1.0000000000e+00
2.8224275722e+02,1.0000000000e+00
2.8169671144e+02,1.0000000000e+00
2.8152203705e+02,1.0000000000e+00
2.8234318222e+02,1.0000000000e+00
2.8432900084e+02,1.0000000000e+00
2.8643992234e+02,1.0000000000e+00
2.8611177341e+02,1.0000000000e+00
2.8023816496e+02,1.0000000000e+00
2.6771594108e+02,1.0000000000e+00
2.5178365069e+02,1.0000000000e+00
2.3870297487e+02,1.0000000000e+00
2.3265851954e+02,1.0000000000e+00
2.3259067640e+02,1.0000000000e+00
2.3424151684e+02,1.0000000000e+00
2.3325005443e+02,1.0000000000e+00
2.2643405200e+02,1.0000000000e+00
2.1312665087e+02,1.0000000000e+00
1.9605720637e+02,1.0000000000e+00
1.7942479011e+02,1.0000000000e+00
1.6572617873e+02,1.0000000000e+00
1.5475849402e+02,1.0000000000e+00
1.4505996132e+02,1.0000000000e+00
1.3530067433e+02,1.0000000000e+00
1.2437308294e+02,1.0000000000e+00
1.1154845221e+02,1.0000000000e+00
9.7464061978e+01,1.0000000000e+00
8.3955903070e+01,1.0000000000e+00
7.1704169348e+01,1.0000000000e+00
5.8913314152e+01,1.0000000000e+00
5.0497126416e+01,1.0000000000e+00
4.2080938680e+01,1.0000000000e+00
3.3664750944e+01,1.0000000000e+00
2.5248563208e+01,1.0000000000e+00
1.6832375472e+01,1.0000000000e+00
8.4161877360e+00,1.0000000000e+00
0.0000000000e+00,9.0000000000e-01
0.0000000000e+00,8.0000000000e-01
0.0000000000e+00,7.0000000000e-01
0.0000000000e+00,6.0000000000e-01
0.0000000000e+00,6.0000000000e-01
0.0000000000e+00,6.0000000000e-01
0.0000000000e+00,6.0000000000e-01
0.0000000000e+00,6.0000000000e-01
0.0000000000e+00,6.0000000000e-01
0.0000000000e+00,6.0000000000e-01
0.0000000000e+00,6.0000000000e-01
0.0000000000e+00,6.0000000000e-01
0.0000000000e+00,6.0000000000e-01
0.0000000000e+00,6.0000000000e-01
0.0000000000e+00,6.0000000000e-01
0.0000000000e+00,6.0000000000e-01
0.0000000000e+00,6.0000000000e-01
0.0000000000e+00,6.0000000000e-01
0.0000000000e+00,6.0000000000e-01
0.0000000000e+00,6.0000000000e-01
0.0000000000e+00,6.0000000000e-01
0.0000000000e+00,6.0000000000e-01
0.0000000000e+00,6.0000000000e-01
0.0000000000e+00,6.0000000000e-01
0.0000000000e+00,6.0000000000e-01
0.0000000000e+00,6.0000000000e-01
0.0000000000e+00,6.0000000000e-01
0.0000000000e+00,6.0000000000e-01
0.0000000000e+00,6.0000000000e-01
0.0000000000e+00,6.0000000000e-01
0.0000000000e+00,6.0000000000e-01
0.0000000000e+00,6.0000000000e-01
0.0000000000e+00,6.0000000000e-01
0.0000000000e+00,6.0000000000e-01
0.0000000000e+00,6.0000000000e-01
0.0000000000e+00,6.0000000000e-01
0.0000000000e+00,6.0000000000e-01
0.0000000000e+00,6.0000000000e-01
0.0000000000e+00,6.0000000000e-01
0.0000000000e+00,7.0000000000e-01
0.0000000000e+00,8.0000000000e-01
0.0000000000e+00,9.0000000000e-01
1.7847871243e+01,1.0000000000e+00
3.5695742485e+01,1.0000000000e+00
5.3543613728e+01,1.0000000000e+00
1.0476960606e+02,1.0000000000e+00
1.5680965650e+02,1.0000000000e+00
1.9629000602e+02,1.0000000000e+00
2.1730740617e+02,1.0000000000e+00
2.2275095494e+02,1.0000000000e+00
2.1941134182e+02,1.0000000000e+00
2.1287475945e+02,1.0000000000e+00
2.0593942080e+02,1.0000000000e+00
1.9902957631e+02,1.0000000000e+00
1.9026024937e+02,1.0000000000e+00
1.7604462266e+02,1.0000000000e+00
1.5489121389e+02,1.0000000000e+00
1.3311131988e+02,1.0000000000e+00
1.2515260679e+02,1.0000000000e+00
1.4373722137e+02,1.0000000000e+00
1.8741409158e+02,1.0000000000e+00
2.3925641758e+02,1.0000000000e+00
2.7877397448e+02,1.0000000000e+00
2.9461101419e+02,1.0000000000e+00
2.8773846725e+02,1.0000000000e+00
2.6708173412e+02,1.0000000000e+00
2.4380742261e+02,1.0000000000e+00
2.2649323113e+02,1.0000000000e+00
2.1750021389e+02,1.0000000000e+00
2.1165087268e+02,1.0000000000e+00
1.9874020923e+02,1.0000000000e+00
1.7181143659e+02,1.0000000000e+00
1.3756550150e+02,1.0000000000e+00
1.1611598140e+02,1.0000000000e+00
1.2445699607e+02,1.0000000000e+00
1.5945659000e+02,1.0000000000e+00
1.9987823365e+02,1.0000000000e+00
2.2406983009e+02,1.0000000000e+00
2.2291803917e+02,1.0000000000e+00
1.9874769719e+02,1.0000000000e+00
1.5935163722e+02,1.0000000000e+00
1.1681851554e+02,1.0000000000e+00
8.8614143906e+01,1.0000000000e+00
9.2143543980e+01,1.0000000000e+00
1.3204969069e+02,1.0000000000e+00
1.9270282575e+02,1.0000000000e+00
2.4728923723e+02,1.0000000000e+00
2.7669870815e+02,1.0000000000e+00
2.8000913490e+02,1.0000000000e+00
2.6945617842e+02,1.0000000000e+00
2.5902390553e+02,1.0000000000e+00
2.5685447026e+02,1.0000000000e+00
2.6341076457e+02,1.0000000000e+00
2.7369272579e+02,1.0000000000e+00
2.8179550390e+02,1.0000000000e+00
2.8479451002e+02,1.0000000000e+00
2.8354401630e+02,1.0000000000e+00
2.8114499729e+02,1.0000000000e+00
2.8096376992e+02,1.0000000000e+00
2.8477031149e+02,1.0000000000e+00
2.9081570791e+02,1.0000000000e+00
2.9248393427e+02,1.0000000000e+00
2.7947156956e+02,1.0000000000e+00
2.4325589569e+02,1.0000000000e+00
1.8488404746e+02,1.0000000000e+00
1.1805741030e+02,1.0000000000e+00
6.2343823210e+01,1.0000000000e+00
3.1785123068e+01,1.0000000000e+00
2.6620892560e+01,1.0000000000e+00
4.8077554612e+01,1.0000000000e+00
7.4799967073e+01,1.0000000000e+00
9.2598064488e+01,1.0000000000e+00
9.0528895958e+01,1.0000000000e+00
7.3871774716e+01,1.0000000000e+00
6.3164350392e+01,1.0000000000e+00
7.9321646080e+01,1.0000000000e+00
1.2635712556e+02,1.0000000000e+00
1.8635902541e+02,1.0000000000e+00
2.3206040864e+02,1.0000000000e+00
2.4562708295e+02,1.0000000000e+00
2.2601130926e+02,1.0000000000e+00
1.8237482628e+02,1.0000000000e+00
1.2667817630e+02,1.0000000000e+00
7.3114941470e+01,1.0000000000e+00
3.8017146504e+01,1.0000000000e+00
3.3679523022e+01,1.0000000000e+00
5.9991890177e+01,1.0000000000e+00
1.0209538605e+02,1.0000000000e+00
1.3860092914e+02,1.0000000000e+00
1.5644221410e+02,1.0000000000e+00
1.5828215861e+02,1.0000000000e+00
1.5359701156e+02,1.0000000000e+00
1.4577433862e+02,1.0000000000e+00
1.3170536449e+02,1.0000000000e+00
1.1023520367e+02,1.0000000000e+00
8.5736357305e+01,1.0000000000e+00
6.4484388384e+01,1.0000000000e+00
5.0524625280e+01,1.0000000000e+00
4.3794550459e+01,1.0000000000e+00
4.0059557006e+01,1.0000000000e+00
3.4336763148e+01,1.0000000000e+00
2.8613969290e+01,1.0000000000e+00
2.2891175432e+01,1.0000000000e+00
1.7168381574e+01,1.0000000000e+00
1.1445587716e+01,1.0000000000e+00
5.7227938580e+00,1.0000000000e+00
0.0000000000e+00,9.0000000000e-01
0.0000000000e+00,8.0000000000e-01
0.0000000000e+00,7.0000000000e-01
0.0000000000e+00,6.0000000000e-01
0.0000000000e+00,6.0000000000e-01
0.0000000000e+00,6.0000000000e-01
0.0000000000e+00,6.0000000000e-01
0.0000000000e+00,6.0000000000e-01
0.0000000000e+00,6.0000000000e-01
0.0000000000e+00,6.0000000000e-01
0.0000000000e+00,6.0000000000e-01
0.0000000000e+00,6.0000000000e-01
0.0000000000e+00,6.0000000000e-01
0.0000000000e+00,6.0000000000e-01
0.0000000000e+00,6.0000000000e-01
0.0000000000e+00,7.0000000000e-01
0.0000000000e+00,8.0000000000e-01
0.0000000000e+00,9.0000000000e-01
2.3902789268e+01,1.0000000000e+00
4.7805578536e+01,1.0000000000e+00
7.1708367803e+01,1.0000000000e+00
1.2941554628e+02,1.0000000000e+00
1.7687881827e+02,1.0000000000e+00
1.9916687357e+02,1.0000000000e+00
1.9577685578e+02,1.0000000000e+00
1.7795331979e+02,1.0000000000e+00
1.5894004552e+02,1.0000000000e+00
1.4776105602e+02,1.0000000000e+00
1.4778498339e+02,1.0000000000e+00
1.5654568813e+02,1.0000000000e+00
1.6666827928e+02,1.0000000000e+00
1.6823254635e+02,1.0000000000e+00
1.5340848945e+02,1.0000000000e+00
1.2460997035e+02,1.0000000000e+00
9.9377049894e+01,1.0000000000e+00
1.0100625327e+02,1.0000000000e+00
1.3892596773e+02,1.0000000000e+00
1.9893540010e+02,1.0000000000e+00
2.5472594960e+02,1.0000000000e+00
2.8814066185e+02,1.0000000000e+00
2.9810704832e+02,1.0000000000e+00
2.9405795326e+02,1.0000000000e+00
2.8505084131e+02,1.0000000000e+00
2.7484523184e+02,1.0000000000e+00
2.6392664024e+02,1.0000000000e+00
2.5335322436e+02,1.0000000000e+00
2.4539479003e+02,1.0000000000e+00
2.4074176643e+02,1.0000000000e+00
2.3692248279e+02,1.0000000000e+00
2.3124578304e+02,1.0000000000e+00
2.2470784026e+02,1.0000000000e+00
2.2082410510e+02,1.0000000000e+00
2.2039552147e+02,1.0000000000e+00
2.1961631734e+02,1.0000000000e+00
2.1426111571e+02,1.0000000000e+00
2.0420064509e+02,1.0000000000e+00
1.9302149106e+02,1.0000000000e+00
1.8442778579e+02,1.0000000000e+00
1.7966327086e+02,1.0000000000e+00
1.7738590304e+02,1.0000000000e+00
1.7499302005e+02,1.0000000000e+00
1.7025504231e+02,1.0000000000e+00
1.6246813041e+02,1.0000000000e+00
1.5270148514e+02,1.0000000000e+00
1.4354135231e+02,1.0000000000e+00
1.3849920401e+02,1.0000000000e+00
1.4034114617e+02,1.0000000000e+00
1.4887317264e+02,1.0000000000e+00
1.6035739981e+02,1.0000000000e+00
1.6925386410e+02,1.0000000000e+00
1.7033151652e+02,1.0000000000e+00
1.5954724182e+02,1.0000000000e+00
1.3542281499e+02,1.0000000000e+00
1.0265626571e+02,1.0000000000e+00
7.3844829774e+01,1.0000000000e+00
6.3186938241e+01,1.0000000000e+00
7.4661340688e+01,1.0000000000e+00
9.6364370008e+01,1.0000000000e+00
1.0889216207e+02,1.0000000000e+00
1.0156699648e+02,1.0000000000e+00
8.1624400210e+01,1.0000000000e+00
6.7458179510e+01,1.0000000000e+00
7.2300914444e+01,1.0000000000e+00
9.3889510881e+01,1.0000000000e+00
1.1859896514e+02,1.0000000000e+00
1.3451673174e+02,1.0000000000e+00
1.4095841540e+02,1.0000000000e+00
1.4635378316e+02,1.0000000000e+00
1.5828420345e+02,1.0000000000e+00
1.7553184336e+02,1.0000000000e+00
1.8742371310e+02,1.0000000000e+00
1.8068491047e+02,1.0000000000e+00
1.5037037443e+02,1.0000000000e+00
1.0639006240e+02,1.0000000000e+00
6.8719728420e+01,1.0000000000e+00
5.5125697212e+01,1.0000000000e+00
7.1206077822e+01,1.0000000000e+00
1.0745235993e+02,1.0000000000e+00
1.4390768501e+02,1.0000000000e+00
1.6219887192e+02,1.0000000000e+00
1.5763831120e+02,1.0000000000e+00
1.3963488690e+02,1.0000000000e+00
1.2037117699e+02,1.0000000000e+00
1.0484618662e+02,1.0000000000e+00
9.0632958793e+01,1.0000000000e+00
7.3453319809e+01,1.0000000000e+00
5.2229498434e+01,1.0000000000e+00
4.4768141515e+01,1.0000000000e+00
3.7306784596e+01,1.0000000000e+00
2.9845427677e+01,1.0000000000e+00
2.2384070758e+01,1.0000000000e+00
1.4922713838e+01,1.0000000000e+00
7.4613569192e+00,1.0000000000e+00
0.0000000000e+00,1.0000000000e+00
0.0000000000e+00,1.0000000000e+00
0.0000000000e+00,1.0000000000e+00
0.0000000000e+00,1.0000000000e+00
0.0000000000e+00,1.0000000000e+00
0.0000000000e+00,1.0000000000e+00
0.0000000000e+00,1.0000000000e+00
0.0000000000e+00,1.0000000000e+00
2.6510905253e+01,1.0000000000e+00
5.3021810506e+01,1.0000000000e+00
7.9532715759e+01,1.0000000000e+00
1.4643364818e+02,1.0000000000e+00
2.0176814096e+02,1.0000000000e+00
2.2792522571e+02,1.0000000000e+00
2.2580441152e+02,1.0000000000e+00
2.1178410933e+02,1.0000000000e+00
2.0548530180e+02,1.0000000000e+00
2.1746639993e+02,1.0000000000e+00
2.4324361788e+02,1.0000000000e+00
2.6768633258e+02,1.0000000000e+00
2.7677688670e+02,1.0000000000e+00
2.6698618848e+02,1.0000000000e+00
2.4558851892e+02,1.0000000000e+00
2.2332986172e+02,1.0000000000e+00
2.0620649525e+02,1.0000000000e+00
1.9327508255e+02,1.0000000000e+00
1.8126663512e+02,1.0000000000e+00
1.6989844846e+02,1.0000000000e+00
1.6261282995e+02,1.0000000000e+00
1.6359430925e+02,1.0000000000e+00
1.7445268399e+02,1.0000000000e+00
1.9188602231e+02,1.0000000000e+00
2.0687537373e+02,1.0000000000e+00
2.0736647086e+02,1.0000000000e+00
1.8524510616e+02,1.0000000000e+00
1.4385188417e+02,1.0000000000e+00
9.8748159564e+01,1.0000000000e+00
6.8123433882e+01,1.0000000000e+00
6.0550904880e+01,1.0000000000e+00
7.2571468800e+01,1.0000000000e+00
9.6300494329e+01,1.0000000000e+00
1.2532866588e+02,1.0000000000e+00
1.5408181454e+02,1.0000000000e+00
1.7724360087e+02,1.0000000000e+00
1.9281796115e+02,1.0000000000e+00
2.0389753462e+02,1.0000000000e+00
2.1512963776e+02,1.0000000000e+00
2.2664498487e+02,1.0000000000e+00
2.3126281245e+02,1.0000000000e+00
2.1836031543e+02,1.0000000000e+00
1.8263431585e+02,1.0000000000e+00
1.3110084557e+02,1.0000000000e+00
8.1682576184e+01,1.0000000000e+00
5.4461375603e+01,1.0000000000e+00
6.2839071023e+01,1.0000000000e+00
1.0768008309e+02,1.0000000000e+00
1.7459406229e+02,1.0000000000e+00
2.3863002744e+02,1.0000000000e+00
2.7688550743e+02,1.0000000000e+00
2.7954566174e+02,1.0000000000e+00
2.5155723358e+02,1.0000000000e+00
2.0711858808e+02,1.0000000000e+00
1.6229253827e+02,1.0000000000e+00
1.2857154811e+02,1.0000000000e+00
1.0958187840e+02,1.0000000000e+00
1.0238369324e+02,1.0000000000e+00
1.0206518770e+02,1.0000000000e+00
1.0652859909e+02,1.0000000000e+00
1.1800608684e+02,1.0000000000e+00
1.3918875515e+02,1.0000000000e+00
1.6720013266e+02,1.0000000000e+00
1.9281435515e+02,1.0000000000e+00
2.0690819297e+02,1.0000000000e+00
2.0738877770e+02,1.0000000000e+00
2.0021466521e+02,1.0000000000e+00
1.9495648913e+02,1.0000000000e+00
1.9891616283e+02,1.0000000000e+00
2.1312114455e+02,1.0000000000e+00
2.3190408676e+02,1.0000000000e+00
2.4624804471e+02,1.0000000000e+00
2.4917838114e+02,1.0000000000e+00
2.3990854282e+02,1.0000000000e+00
2.2387809406e+02,1.0000000000e+00
2.0859403987e+02,1.0000000000e+00
1.9869813134e+02,1.0000000000e+00
1.9441835780e+02,1.0000000000e+00
1.9369215552e+02,1.0000000000e+00
1.9461845749e+02,1.0000000000e+00
1.9630988564e+02,1.0000000000e+00
1.9931460144e+02,1.0000000000e+00
2.0617577994e+02,1.0000000000e+00
2.1973961656e+02,1.0000000000e+00
2.3822756140e+02,1.0000000000e+00
2.5240630949e+02,1.0000000000e+00
2.5080657919e+02,1.0000000000e+00
2.2929238597e+02,1.0000000000e+00
1.9440025774e+02,1.0000000000e+00
1.5694487148e+02,1.0000000000e+00
1.2391331445e+02,1.0000000000e+00
9.6752411941e+01,1.0000000000e+00
7.4838459250e+01,1.0000000000e+00
5.8070720856e+01,1.0000000000e+00
4.6142075653e+01,1.0000000000e+00
3.7393153432e+01,1.0000000000e+00
3.2051274370e+01,1.0000000000e+00
2.6709395309e+01,1.0000000000e+00
2.1367516247e+01,1.0000000000e+00
1.6025637185e+01,1.0000000000e+00
1.0683758123e+01,1.0000000000e+00
5.3418790617e+00,1.0000000000e+00
0.0000000000e+00,1.0000000000e+00
0.0000000000e+00,1.0000000000e+00
0.0000000000e+00,1.0000000000e+00
0.0000000000e+00,1.0000000000e+00
0.0000000000e+00,1.0000000000e+00
0.0000000000e+00,1.0000000000e+00
0.0000000000e+00,1.0000000000e+00
1.2586118137e+01,1.0000000000e+00
2.5172236273e+01,1.0000000000e+00
3.7758354410e+01,1.0000000000e+00
5.8004938221e+01,1.0000000000e+00
7.0407616394e+01,1.0000000000e+00
7.0048026838e+01,1.0000000000e+00
6.6367129493e+01,1.0000000000e+00
7.7296531812e+01,1.0000000000e+00
1.1421702675e+02,1.0000000000e+00
1.7168915315e+02,1.0000000000e+00
2.3058188467e+02,1.0000000000e+00
2.7198877405e+02,1.0000000000e+00
2.8962106094e+02,1.0000000000e+00
2.9023854610e+02,1.0000000000e+00
2.8452866791e+02,1.0000000000e+00
2.7862451768e+02,1.0000000000e+00
2.7241909344e+02,1.0000000000e+00
2.6322770109e+02,1.0000000000e+00
2.4973452440e+02,1.0000000000e+00
2.3302777163e+02,1.0000000000e+00
2.1582994266e+02,1.0000000000e+00
2.0192567324e+02,1.0000000000e+00
1.9508212467e+02,1.0000000000e+00
1.9711848400e+02,1.0000000000e+00
2.0736524712e+02,1.0000000000e+00
2.2360313223e+02,1.0000000000e+00
2.4198985697e+02,1.0000000000e+00
2.5688187681e+02,1.0000000000e+00
2.6335804715e+02,1.0000000000e+00
2.6081248690e+02,1.0000000000e+00
2.5359812853e+02,1.0000000000e+00
2.4813183482e+02,1.0000000000e+00
2.4901424195e+02,1.0000000000e+00
2.5664008056e+02,1.0000000000e+00
2.6757817218e+02,1.0000000000e+00
2.7731042578e+02,1.0000000000e+00
2.8307166731e+02,1.0000000000e+00
2.8470297846e+02,1.0000000000e+00
2.8365210052e+02,1.0000000000e+00
2.8164208959e+02,1.0000000000e+00
2.7991791315e+02,1.0000000000e+00
2.7892658427e+02,1.0000000000e+00
2.7818432292e+02,1.0000000000e+00
2.7653238163e+02,1.0000000000e+00
2.7275599527e+02,1.0000000000e+00
2.6622092799e+02,1.0000000000e+00
2.5772429484e+02,1.0000000000e+00
2.5014929119e+02,1.0000000000e+00
2.4701806358e+02,1.0000000000e+00
2.4923637973e+02,1.0000000000e+00
2.5392984262e+02,1.0000000000e+00
2.5702932780e+02,1.0000000000e+00
2.5627062416e+02,1.0000000000e+00
2.5147025753e+02,1.0000000000e+00
2.4318608863e+02,1.0000000000e+00
2.3248146520e+02,1.0000000000e+00
2.2140679642e+02,1.0000000000e+00
2.1198243775e+02,1.0000000000e+00
2.0442444464e+02,1.0000000000e+00
1.9691790606e+02,1.0000000000e+00
1.8704538173e+02,1.0000000000e+00
1.7372039078e+02,1.0000000000e+00
1.5834022299e+02,1.0000000000e+00
1.4395527973e+02,1.0000000000e+00
1.3326730632e+02,1.0000000000e+00
1.2747385282e+02,1.0000000000e+00
1.2606533252e+02,1.0000000000e+00
1.2690456321e+02,1.0000000000e+00
1.2703316623e+02,1.0000000000e+00
1.2397095279e+02,1.0000000000e+00
1.1658843302e+02,1.0000000000e+00
1.0568651217e+02,1.0000000000e+00
9.3953883004e+01,1.0000000000e+00
8.4164529048e+01,1.0000000000e+00
7.6962627349e+01,1.0000000000e+00
7.0994348301e+01,1.0000000000e+00
6.4727693927e+01,1.0000000000e+00
5.7353978398e+01,1.0000000000e+00
4.8736619318e+01,1.0000000000e+00
3.9500504640e+01,1.0000000000e+00
3.3857575406e+01,1.0000000000e+00
2.8214646172e+01,1.0000000000e+00
2.2571716937e+01,1.0000000000e+00
1.6928787703e+01,1.0000000000e+00
1.1285858469e+01,1.0000000000e+00
5.6429292344e+00,1.0000000000e+00
0.0000000000e+00,9.0000000000e-01
0.0000000000e+00,8.0000000000e-01
0.0000000000e+00,7.0000000000e-01
0.0000000000e+00,6.0000000000e-01
0.0000000000e+00,6.0000000000e-01
0.0000000000e+00,6.0000000000e-01
0.0000000000e+00,6.0000000000e-01
0.0000000000e+00,6.0000000000e-01
0.0000000000e+00,6.0000000000e-01
0.0000000000e+00,6.0000000000e-01
0.0000000000e+00,6.0000000000e-01
0.0000000000e+00,6.0000000000e-01
0.0000000000e+00,6.0000000000e-01
0.0000000000e+00,6.0000000000e-01
0.0000000000e+00,6.0000000000e-01
0.0000000000e+00,6.0000000000e-01
0.0000000000e+00,6.0000000000e-01
0.0000000000e+00,6.0000000000e-01
0.0000000000e+00,6.0000000000e-01
0.0000000000e+00,6.0000000000e-01
0.0000000000e+00,6.0000000000e-01
0.0000000000e+00,6.0000000000e-01
0.0000000000e+00,6.0000000000e-01
0.0000000000e+00,6.0000000000e-01
0.0000000000e+00,6.0000000000e-01
0.0000000000e+00,6.0000000000e-01
0.0000000000e+00,6.0000000000e-01
0.0000000000e+00,6.0000000000e-01
0.0000000000e+00,7.0000000000e-01
0.0000000000e+00,8.0000000000e-01
0.0000000000e+00,9.0000000000e-01
1.4313958671e+01,1.0000000000e+00
2.8627917342e+01,1.0000000000e+00
4.2941876013e+01,1.0000000000e+00
9.6775343524e+01,1.0000000000e+00
1.5687071678e+02,1.0000000000e+00
2.0656971409e+02,1.0000000000e+00
2.3684631439e+02,1.0000000000e+00
2.5066338281e+02,1.0000000000e+00
2.5652614546e+02,1.0000000000e+00
2.5927050872e+02,1.0000000000e+00
2.5722196279e+02,1.0000000000e+00
2.4613440248e+02,1.0000000000e+00
2.2433659501e+02,1.0000000000e+00
1.9466492544e+02,1.0000000000e+00
1.6246001293e+02,1.0000000000e+00
1.3239672993e+02,1.0000000000e+00
1.0872524021e+02,1.0000000000e+00
9.8550122219e+01,1.0000000000e+00
1.1041907106e+02,1.0000000000e+00
1.4526923883e+02,1.0000000000e+00
1.9050900808e+02,1.0000000000e+00
2.2792130250e+02,1.0000000000e+00
2.4787735846e+02,1.0000000000e+00
2.5314291148e+02,1.0000000000e+00
2.5018256691e+02,1.0000000000e+00
2.4107722717e+02,1.0000000000e+00
2.2451009158e+02,1.0000000000e+00
2.0126026755e+02,1.0000000000e+00
1.7615167102e+02,1.0000000000e+00
1.5499892497e+02,1.0000000000e+00
1.4122096965e+02,1.0000000000e+00
1.3576053668e+02,1.0000000000e+00
1.3861472966e+02,1.0000000000e+00
1.4852787132e+02,1.0000000000e+00
1.6158989363e+02,1.0000000000e+00
1.7210196484e+02,1.0000000000e+00
1.7558160515e+02,1.0000000000e+00
1.7082014230e+02,1.0000000000e+00
1.6057749922e+02,1.0000000000e+00
1.5254703974e+02,1.0000000000e+00
1.5779994067e+02,1.0000000000e+00
1.8238748288e+02,1.0000000000e+00
2.1829545620e+02,1.0000000000e+00
2.4673458723e+02,1.0000000000e+00
2.5336772426e+02,1.0000000000e+00
2.3980880425e+02,1.0000000000e+00
2.2108944016e+02,1.0000000000e+00
2.1365706936e+02,1.0000000000e+00
2.2425377657e+02,1.0000000000e+00
2.4709430589e+02,1.0000000000e+00
2.7025664639e+02,1.0000000000e+00
2.8494291661e+02,1.0000000000e+00
2.8973866719e+02,1.0000000000e+00
2.8824445506e+02,1.0000000000e+00
2.8448461335e+02,1.0000000000e+00
2.8037091112e+02,1.0000000000e+00
2.7604790772e+02,1.0000000000e+00
2.7144494775e+02,1.0000000000e+00
2.6714261412e+02,1.0000000000e+00
2.6430838626e+02,1.0000000000e+00
2.6456017718e+02,1.0000000000e+00
2.6920945313e+02,1.0000000000e+00
2.7654248112e+02,1.0000000000e+00
2.7904412270e+02,1.0000000000e+00
2.6531575984e+02,1.0000000000e+00
2.2812916551e+02,1.0000000000e+00
1.7356011889e+02,1.0000000000e+00
1.2297821813e+02,1.0000000000e+00
1.0261479766e+02,1.0000000000e+00
1.2490502611e+02,1.0000000000e+00
1.7675325288e+02,1.0000000000e+00
2.2807614829e+02,1.0000000000e+00
2.5466795554e+02,1.0000000000e+00
2.5453037319e+02,1.0000000000e+00
2.4493009598e+02,1.0000000000e+00
2.4530732076e+02,1.0000000000e+00
2.6046848489e+02,1.0000000000e+00
2.7656605612e+02,1.0000000000e+00
2.7179093800e+02,1.0000000000e+00
2.3273314609e+02,1.0000000000e+00
1.6501323990e+02,1.0000000000e+00
9.1443806770e+01,1.0000000000e+00
3.8956260507e+01,1.0000000000e+00
2.7952108288e+01,1.0000000000e+00
4.4900064357e+01,1.0000000000e+00
8.7476227077e+01,1.0000000000e+00
1.3220241063e+02,1.0000000000e+00
1.6460684791e+02,1.0000000000e+00
1.7933203324e+02,1.0000000000e+00
1.7770866309e+02,1.0000000000e+00
1.6296254849e+02,1.0000000000e+00
1.3808740902e+02,1.0000000000e+00
1.0660436778e+02,1.0000000000e+00
7.3564280524e+01,1.0000000000e+00
6.3055097592e+01,1.0000000000e+00
5.2545914660e+01,1.0000000000e+00
4.2036731728e+01,1.0000000000e+00
3.1527548796e+01,1.0000000000e+00
2.1018365864e+01,1.0000000000e+00
1.0509182932e+01,1.0000000000e+00
0.0000000000e+00,9.0000000000e-01
0.0000000000e+00,8.0000000000e-01
0.0000000000e+00,7.0000000000e-01
0.0000000000e+00,6.0000000000e-01
0.0000000000e+00,6.0000000000e-01
0.0000000000e+00,6.0000000000e-01
0.0000000000e+00,6.0000000000e-01
0.0000000000e+00,6.0000000000e-01
0.0000000000e+00,6.0000000000e-01
0.0000000000e+00,6.0000000000e-01
0.0000000000e+00,6.0000000000e-01
0.0000000000e+00,6.0000000000e-01
0.0000000000e+00,6.0000000000e-01
0.0000000000e+00,7.0000000000e-01
0.0000000000e+00,8.0000000000e-01
0.0000000000e+00,9.0000000000e-01
1.9898206313e+01,1.0000000000e+00
3.9796412627e+01,1.0000000000e+00
5.9694618940e+01,1.0000000000e+00
1.1853543638e+02,1.0000000000e+00
1.8904109441e+02,1.0000000000e+00
2.4978385053e+02,1.0000000000e+00
2.7983437926e+02,1.0000000000e+00
2.6989780180e+02,1.0000000000e+00
2.2488424826e+02,1.0000000000e+00
1.5965553237e+02,1.0000000000e+00
9.2829357468e+01,1.0000000000e+00
7.9568020687e+01,1.0000000000e+00
6.6306683906e+01,1.0000000000e+00
5.3045347124e+01,1.0000000000e+00
3.9784010343e+01,1.0000000000e+00
5.1722258695e+01,1.0000000000e+00
1.0437262512e+02,1.0000000000e+00
1.6776654155e+02,1.0000000000e+00
2.2652350028e+02,1.0000000000e+00
2.6464273228e+02,1.0000000000e+00
2.7416737120e+02,1.0000000000e+00
2.5783489061e+02,1.0000000000e+00
2.2636307163e+02,1.0000000000e+00
1.9480607363e+02,1.0000000000e+00
1.7795678645e+02,1.0000000000e+00
1.8297587346e+02,1.0000000000e+00
2.0390077329e+02,1.0000000000e+00
2.2581875381e+02,1.0000000000e+00
2.3675299184e+02,1.0000000000e+00
2.3586946895e+02,1.0000000000e+00
2.3158153709e+02,1.0000000000e+00
2.3336192757e+02,1.0000000000e+00
2.4391029371e+02,1.0000000000e+00
2.5597863867e+02,1.0000000000e+00
2.5551611718e+02,1.0000000000e+00
2.3024237602e+02,1.0000000000e+00
1.8008881030e+02,1.0000000000e+00
1.2260774756e+02,1.0000000000e+00
8.5710038660e+01,1.0000000000e+00
8.8901854853e+01,1.0000000000e+00
1.2777816715e+02,1.0000000000e+00
1.7690856111e+02,1.0000000000e+00
2.0899404512e+02,1.0000000000e+00
2.1284574928e+02,1.0000000000e+00
1.9624841403e+02,1.0000000000e+00
1.7563796888e+02,1.0000000000e+00
1.6388527077e+02,1.0000000000e+00
1.6363026078e+02,1.0000000000e+00
1.6767888964e+02,1.0000000000e+00
1.6577187295e+02,1.0000000000e+00
1.5275171625e+02,1.0000000000e+00
1.3120221577e+02,1.0000000000e+00
1.0814832262e+02,1.0000000000e+00
8.9896603473e+01,1.0000000000e+00
7.7501606988e+01,1.0000000000e+00
6.6270681573e+01,1.0000000000e+00
5.1571563906e+01,1.0000000000e+00
4.4204197634e+01,1.0000000000e+00
3.6836831362e+01,1.0000000000e+00
2.9469465089e+01,1.0000000000e+00
2.2102098817e+01,1.0000000000e+00
1.4734732545e+01,1.0000000000e+00
7.3673662723e+00,1.0000000000e+00
0.0000000000e+00,1.0000000000e+00
1.3863971204e+01,1.0000000000e+00
2.7727942408e+01,1.0000000000e+00
4.1591913612e+01,1.0000000000e+00
9.0670440549e+01,1.0000000000e+00
1.4360287074e+02,1.0000000000e+00
1.8329157594e+02,1.0000000000e+00
2.0462559395e+02,1.0000000000e+00
2.1139973564e+02,1.0000000000e+00
2.0678399236e+02,1.0000000000e+00
1.9285350418e+02,1.0000000000e+00
1.7503805359e+02,1.0000000000e+00
1.6065299336e+02,1.0000000000e+00
1.5359194453e+02,1.0000000000e+00
1.5189722967e+02,1.0000000000e+00
1.4979766324e+02,1.0000000000e+00
1.4351392290e+02,1.0000000000e+00
1.3759823411e+02,1.0000000000e+00
1.4420673857e+02,1.0000000000e+00
1.7199894196e+02,1.0000000000e+00
2.1501809171e+02,1.0000000000e+00
2.5544211849e+02,1.0000000000e+00
2.7820030539e+02,1.0000000000e+00
2.8191676302e+02,1.0000000000e+00
2.7685115517e+02,1.0000000000e+00
2.7349646239e+02,1.0000000000e+00
2.7153005018e+02,1.0000000000e+00
2.5862892053e+02,1.0000000000e+00
2.2162123454e+02,1.0000000000e+00
1.6098031191e+02,1.0000000000e+00
9.5194348440e+01,1.0000000000e+00
4.9942021455e+01,1.0000000000e+00
4.1252725137e+01,1.0000000000e+00
6.6941641672e+01,1.0000000000e+00
1.1054141887e+02,1.0000000000e+00
1.5129642222e+02,1.0000000000e+00
1.7375086473e+02,1.0000000000e+00
1.7345139079e+02,1.0000000000e+00
1.5649123903e+02,1.0000000000e+00
1.3384534640e+02,1.0000000000e+00
1.1509815459e+02,1.0000000000e+00
1.0537543322e+02,1.0000000000e+00
1.0527841106e+02,1.0000000000e+00
1.1188800175e+02,1.0000000000e+00
1.2029405743e+02,1.0000000000e+00
1.2572986794e+02,1.0000000000e+00
1.2564982415e+02,1.0000000000e+00
1.2063095964e+02,1.0000000000e+00
1.1319901827e+02,1.0000000000e+00
1.0537071921e+02,1.0000000000e+00
9.7458223998e+01,1.0000000000e+00
8.9242211897e+01,1.0000000000e+00
8.1585724531e+01,1.0000000000e+00
7.6343369717e+01,1.0000000000e+00
7.5057324993e+01,1.0000000000e+00
9.3164394027e+01,1.0000000000e+00
1.0960878857e+02,1.0000000000e+00
1.2439050861e+02,1.0000000000e+00
1.3750955417e+02,1.0000000000e+00
1.4896592522e+02,1.0000000000e+00
1.5000000000e+02,1.0000000000e+00
1.3993410012e+02,1.0000000000e+00
1.1773869848e+02,1.0000000000e+00
9.5901161713e+01,1.0000000000e+00
7.5782392180e+01,1.0000000000e+00
5.5006647233e+01,1.0000000000e+00
7.5919553516e+01,1.0000000000e+00
1.1313479449e+02,1.0000000000e+00
1.4857514319e+02,1.0000000000e+00
1.7003600739e+02,1.0000000000e+00
1.7795878785e+02,1.0000000000e+00
1.8005922561e+02,1.0000000000e+00
1.8205539400e+02,1.0000000000e+00
1.8321348775e+02,1.0000000000e+00
1.7870802319e+02,1.0000000000e+00
1.6590592596e+02,1.0000000000e+00
1.4873308464e+02,1.0000000000e+00
1.3525402652e+02,1.0000000000e+00
1.3067129613e+02,1.0000000000e+00
1.3343060215e+02,1.0000000000e+00
1.3821375178e+02,1.0000000000e+00
1.4141678939e+02,1.0000000000e+00
1.4287861458e+02,1.0000000000e+00
1.4374974103e+02,1.0000000000e+00
1.4514423010e+02,1.0000000000e+00
1.4883996810e+02,1.0000000000e+00
1.5680255071e+02,1.0000000000e+00
1.6924799875e+02,1.0000000000e+00
1.8481056683e+02,1.0000000000e+00
2.0266884349e+02,1.0000000000e+00
2.2242772193e+02,1.0000000000e+00
2.4140126308e+02,1.0000000000e+00
2.5373784169e+02,1.0000000000e+00
2.5360345500e+02,1.0000000000e+00
2.3969974334e+02,1.0000000000e+00
2.1701122364e+02,1.0000000000e+00
1.9394667820e+02,1.0000000000e+00
1.7699057444e+02,1.0000000000e+00
1.6725706784e+02,1.0000000000e+00
1.6118299015e+02,1.0000000000e+00
1.5412435170e+02,1.0000000000e+00
1.4396896330e+02,1.0000000000e+00
1.3169337454e+02,1.0000000000e+00
1.1868315266e+02,1.0000000000e+00
1.0480746571e+02,1.0000000000e+00
9.0122238911e+01,1.0000000000e+00
7.7584505493e+01,1.0000000000e+00
7.2250660750e+01,1.0000000000e+00
7.6737607225e+01,1.0000000000e+00
8.7628483864e+01,1.0000000000e+00
9.7184627072e+01,1.0000000000e+00
9.9341256633e+01,1.0000000000e+00
9.4135458441e+01,1.0000000000e+00
8.6282277147e+01,1.0000000000e+00
7.9987312202e+01,1.0000000000e+00
7.5664405311e+01,1.0000000000e+00
7.1158036011e+01,1.0000000000e+00
6.4616159808e+01,1.0000000000e+00
5.5436023660e+01,1.0000000000e+00
4.3659923586e+01,1.0000000000e+00
3.7422791645e+01,1.0000000000e+00
3.1185659704e+01,1.0000000000e+00
2.4948527763e+01,1.0000000000e+00
1.8711395823e+01,1.0000000000e+00
1.2474263882e+01,1.0000000000e+00
6.2371319409e+00,1.0000000000e+00
0.0000000000e+00,9.0000000000e-01
0.0000000000e+00,8.0000000000e-01
0.0000000000e+00,7.0000000000e-01
0.0000000000e+00,6.0000000000e-01
0.0000000000e+00,6.0000000000e-01
0.0000000000e+00,6.0000000000e-01
0.0000000000e+00,6.0000000000e-01
0.0000000000e+00,6.0000000000e-01
0.0000000000e+00,6.0000000000e-01
0.0000000000e+00,6.0000000000e-01
0.0000000000e+00,6.0000000000e-01
0.0000000000e+00,6.0000000000e-01
0.0000000000e+00,6.0000000000e-01
0.0000000000e+00,6.0000000000e-01
0.0000000000e+00,6.0000000000e-01
0.0000000000e+00,6.0000000000e-01
0.0000000000e+00,6.0000000000e-01
0.0000000000e+00,6.0000000000e-01
0.0000000000e+00,6.0000000000e-01
0.0000000000e+00,6.0000000000e-01
0.0000000000e+00,6.0000000000e-01
0.0000000000e+00,6.0000000000e-01
0.0000000000e+00,6.0000000000e-01
0.0000000000e+00,6.0000000000e-01
0.0000000000e+00,6.0000000000e-01
0.0000000000e+00,6.0000000000e-01
0.0000000000e+00,6.0000000000e-01
0.0000000000e+00,6.0000000000e-01
0.0000000000e+00,6.0000000000e-01
0.0000000000e+00,6.0000000000e-01
0.0000000000e+00,6.0000000000e-01
0.0000000000e+00,6.0000000000e-01
0.0000000000e+00,6.0000000000e-01
0.0000000000e+00,6.0000000000e-01
0.0000000000e+00,6.0000000000e-01
0.0000000000e+00,6.0000000000e-01
0.0000000000e+00,6.0000000000e-01
0.0000000000e+00,6.0000000000e-01
0.0000000000e+00,6.0000000000e-01
0.0000000000e+00,6.0000000000e-01
0.0000000000e+00,6.0000000000e-01
0.0000000000e+00,6.0000000000e-01
0.0000000000e+00,7.0000000000e-01
0.0000000000e+00,8.0000000000e-01
0.0000000000e+00,9.0000000000e-01
1.4217538891e+01,1.0000000000e+00
2.8435077782e+01,1.0000000000e+00
4.2652616673e+01,1.0000000000e+00
5.3021023385e+01,1.0000000000e+00
5.3376393687e+01,1.0000000000e+00
5.4973770596e+01,1.0000000000e+00
7.6296743179e+01,1.0000000000e+00
1.2539843218e+02,1.0000000000e+00
1.8975660005e+02,1.0000000000e+00
2.4554285769e+02,1.0000000000e+00
2.7634858990e+02,1.0000000000e+00
2.8259245671e+02,1.0000000000e+00
2.7588260146e+02,1.0000000000e+00
2.6787251641e+02,1.0000000000e+00
2.6387089536e+02,1.0000000000e+00
2.6305719612e+02,1.0000000000e+00
2.6196931380e+02,1.0000000000e+00
2.5808467413e+02,1.0000000000e+00
2.5153130521e+02,1.0000000000e+00
2.4415673428e+02,1.0000000000e+00
2.3731311118e+02,1.0000000000e+00
2.3081333006e+02,1.0000000000e+00
2.2374037630e+02,1.0000000000e+00
2.1571806768e+02,1.0000000000e+00
2.0736133975e+02,1.0000000000e+00
1.9960034197e+02,1.0000000000e+00
1.9249791049e+02,1.0000000000e+00
1.8526851964e+02,1.0000000000e+00
1.7811887710e+02,1.0000000000e+00
1.7302666519e+02,1.0000000000e+00
1.7067961823e+02,1.0000000000e+00
1.6674896808e+02,1.0000000000e+00
1.5412065607e+02,1.0000000000e+00
1.3183276123e+02,1.0000000000e+00
1.1195120211e+02,1.0000000000e+00
1.1395250079e+02,1.0000000000e+00
1.4797259206e+02,1.0000000000e+00
2.0349243602e+02,1.0000000000e+00
2.5697022859e+02,1.0000000000e+00
2.9005308053e+02,1.0000000000e+00
2.9933082556e+02,1.0000000000e+00
2.9217843861e+02,1.0000000000e+00
2.7809170905e+02,1.0000000000e+00
2.6405444334e+02,1.0000000000e+00
2.5424304704e+02,1.0000000000e+00
2.5047461748e+02,1.0000000000e+00
2.5187387976e+02,1.0000000000e+00
2.5532955073e+02,1.0000000000e+00
2.5777766838e+02,1.0000000000e+00
2.5847104604e+02,1.0000000000e+00
2.5895599063e+02,1.0000000000e+00
2.6110551055e+02,1.0000000000e+00
2.6540606447e+02,1.0000000000e+00
2.7081019470e+02,1.0000000000e+00
2.7570541768e+02,1.0000000000e+00
2.7878389592e+02,1.0000000000e+00
2.7911154511e+02,1.0000000000e+00
2.7594662658e+02,1.0000000000e+00
2.6915703228e+02,1.0000000000e+00
2.5982220533e+02,1.0000000000e+00
2.4995722250e+02,1.0000000000e+00
2.4143155990e+02,1.0000000000e+00
2.3524666812e+02,1.0000000000e+00
2.3173078935e+02,1.0000000000e+00
2.3093325406e+02,1.0000000000e+00
2.3250264147e+02,1.0000000000e+00
2.3537280436e+02,1.0000000000e+00
2.3799515061e+02,1.0000000000e+00
2.3918605937e+02,1.0000000000e+00
2.3890929011e+02,1.0000000000e+00
2.3852446007e+02,1.0000000000e+00
2.4066240440e+02,1.0000000000e+00
2.4842409156e+02,1.0000000000e+00
2.6277850996e+02,1.0000000000e+00
2.7872729809e+02,1.0000000000e+00
2.8432974873e+02,1.0000000000e+00
2.6667604430e+02,1.0000000000e+00
2.2316767831e+02,1.0000000000e+00
1.6931488387e+02,1.0000000000e+00
1.3259091236e+02,1.0000000000e+00
1.3235636211e+02,1.0000000000e+00
1.6349712168e+02,1.0000000000e+00
2.0215218767e+02,1.0000000000e+00
2.2680353874e+02,1.0000000000e+00
2.3108378125e+02,1.0000000000e+00
2.2046824878e+02,1.0000000000e+00
2.0462140938e+02,1.0000000000e+00
1.9351170297e+02,1.0000000000e+00
1.9481185010e+02,1.0000000000e+00
2.1030290517e+02,1.0000000000e+00
2.3388122547e+02,1.0000000000e+00
2.5446062479e+02,1.0000000000e+00
2.6290171867e+02,1.0000000000e+00
2.5761467453e+02,1.0000000000e+00
2.4397068406e+02,1.0000000000e+00
2.2846682184e+02,1.0000000000e+00
2.1399742147e+02,1.0000000000e+00
2.0044037273e+02,1.0000000000e+00
1.8750199521e+02,1.0000000000e+00
1.7525103594e+02,1.0000000000e+00
1.6285317046e+02,1.0000000000e+00
1.4883044397e+02,1.0000000000e+00
1.3342773985e+02,1.0000000000e+00
1.1962424004e+02,1.0000000000e+00
1.1027184315e+02,1.0000000000e+00
1.0460050033e+02,1.0000000000e+00
9.8997091644e+01,1.0000000000e+00
9.1180379816e+01,1.0000000000e+00
8.2279776220e+01,1.0000000000e+00
7.4523875022e+01,1.0000000000e+00
6.8177860310e+01,1.0000000000e+00
6.1495753132e+01,1.0000000000e+00
5.2739116305e+01,1.0000000000e+00
4.5204956833e+01,1.0000000000e+00
3.7670797361e+01,1.0000000000e+00
3.0136637889e+01,1.0000000000e+00
2.2602478417e+01,1.0000000000e+00
1.5068318944e+01,1.0000000000e+00
7.5341594722e+00,1.0000000000e+00
0.0000000000e+00,1.0000000000e+00
2.2211536465e+01,1.0000000000e+00
4.4423072930e+01,1.0000000000e+00
6.6634609395e+01,1.0000000000e+00
1.0809077732e+02,1.0000000000e+00
1.3896973708e+02,1.0000000000e+00
1.5000000000e+02,1.0000000000e+00
1.3908380179e+02,1.0000000000e+00
1.1992563972e+02,1.0000000000e+00
1.0053248002e+02,1.0000000000e+00
8.0184625085e+01,1.0000000000e+00
8.1160851911e+01,1.0000000000e+00
9.2074126589e+01,1.0000000000e+00
1.0429825625e+02,1.0000000000e+00
1.1158346066e+02,1.0000000000e+00
1.1244084218e+02,1.0000000000e+00
1.0768407478e+02,1.0000000000e+00
9.9078991278e+01,1.0000000000e+00
8.9822547790e+01,1.0000000000e+00
8.3346414541e+01,1.0000000000e+00
8.1328243014e+01,1.0000000000e+00
8.3940652865e+01,1.0000000000e+00
9.1126964963e+01,1.0000000000e+00
1.0216603563e+02,1.0000000000e+00
1.1442461234e+02,1.0000000000e+00
1.2390270818e+02,1.0000000000e+00
1.2773252659e+02,1.0000000000e+00
1.2643209457e+02,1.0000000000e+00
1.2386962367e+02,1.0000000000e+00
1.3652624235e+02,1.0000000000e+00
1.4564493728e+02,1.0000000000e+00
1.5000000000e+02,1.0000000000e+00
1.4223717985e+02,1.0000000000e+00
1.2500000000e+02,1.0000000000e+00
1.0215769209e+02,1.0000000000e+00
7.3710256123e+01,1.0000000000e+00
6.3180219534e+01,1.0000000000e+00
5.2650182945e+01,1.0000000000e+00
4.2120146356e+01,1.0000000000e+00
3.1590109767e+01,1.0000000000e+00
2.1060073178e+01,1.0000000000e+00
1.0530036589e+01,1.0000000000e+00
0.0000000000e+00,9.0000000000e-01
0.0000000000e+00,8.0000000000e-01
0.0000000000e+00,7.0000000000e-01
0.0000000000e+00,6.0000000000e-01
0.0000000000e+00,6.0000000000e-01
0.0000000000e+00,6.0000000000e-01
0.0000000000e+00,6.0000000000e-01
0.0000000000e+00,6.0000000000e-01
0.0000000000e+00,6.0000000000e-01
0.0000000000e+00,6.0000000000e-01
0.0000000000e+00,6.0000000000e-01
0.0000000000e+00,6.0000000000e-01
0.0000000000e+00,6.0000000000e-01
0.0000000000e+00,6.0000000000e-01
0.0000000000e+00,6.0000000000e-01
0.0000000000e+00,6.0000000000e-01
0.0000000000e+00,6.0000000000e-01
0.0000000000e+00,6.0000000000e-01
0.0000000000e+00,6.0000000000e-01
0.0000000000e+00,6.0000000000e-01
0.0000000000e+00,6.0000000000e-01
0.0000000000e+00,6.0000000000e-01
0.0000000000e+00,6.0000000000e-01
0.0000000000e+00,6.0000000000e-01
0.0000000000e+00,6.0000000000e-01
0.0000000000e+00,6.0000000000e-01
0.0000000000e+00,6.0000000000e-01
0.0000000000e+00,6.0000000000e-01
0.0000000000e+00,6.0000000000e-01
0.0000000000e+00,6.0000000000e-01
0.0000000000e+00,6.0000000000e-01
0.0000000000e+00,6.0000000000e-01
0.0000000000e+00,6.0000000000e-01
0.0000000000e+00,6.0000000000e-01
0.0000000000e+00,6.0000000000e-01
0.0000000000e+00,6.0000000000e-01
0.0000000000e+00,6.0000000000e-01
0.0000000000e+00,6.0000000000e-01
0.0000000000e+00,7.0000000000e-01
0.0000000000e+00,8.0000000000e-01
0.0000000000e+00,9.0000000000e-01
1.3023909130e+01,1.0000000000e+00
2.6047818260e+01,1.0000000000e+00
3.9071727390e+01,1.0000000000e+00
5.1599078255e+01,1.0000000000e+00
5.9910756027e+01,1.0000000000e+00
6.2097641176e+01,1.0000000000e+00
5.9220029681e+01,1.0000000000e+00
5.4192597526e+01,1.0000000000e+00
5.0437402571e+01,1.0000000000e+00
5.0951870142e+01,1.0000000000e+00
5.7596520839e+01,1.0000000000e+00
7.0525334694e+01,1.0000000000e+00
8.7812579595e+01,1.0000000000e+00
1.0537188390e+02,1.0000000000e+00
1.1778126106e+02,1.0000000000e+00
1.2099135866e+02,1.0000000000e+00
1.1672121578e+02,1.0000000000e+00
1.1478128941e+02,1.0000000000e+00
1.2822156989e+02,1.0000000000e+00
1.6282627153e+02,1.0000000000e+00
2.1068562499e+02,1.0000000000e+00
2.5529076319e+02,1.0000000000e+00
2.8362658795e+02,1.0000000000e+00
2.9360929406e+02,1.0000000000e+00
2.9167389893e+02,1.0000000000e+00
2.8562381686e+02,1.0000000000e+00
2.7972090469e+02,1.0000000000e+00
2.7409183615e+02,1.0000000000e+00
2.6657405525e+02,1.0000000000e+00
2.5518651905e+02,1.0000000000e+00
2.4088954371e+02,1.0000000000e+00
2.2905328297e+02,1.0000000000e+00
2.2640762963e+02,1.0000000000e+00
2.3485836437e+02,1.0000000000e+00
2.4959808009e+02,1.0000000000e+00
2.6404352252e+02,1.0000000000e+00
2.7466590949e+02,1.0000000000e+00
2.8095823127e+02,1.0000000000e+00
2.8356036078e+02,1.0000000000e+00
2.8349254730e+02,1.0000000000e+00
2.8198964633e+02,1.0000000000e+00
2.8027588957e+02,1.0000000000e+00
2.7932645689e+02,1.0000000000e+00
2.7963376574e+02,1.0000000000e+00
2.8112547265e+02,1.0000000000e+00
2.8329532796e+02,1.0000000000e+00
2.8522875407e+02,1.0000000000e+00
2.8544940989e+02,1.0000000000e+00
2.8222052650e+02,1.0000000000e+00
2.7490603795e+02,1.0000000000e+00
2.6572321669e+02,1.0000000000e+00
2.5962948319e+02,1.0000000000e+00
2.6073463029e+02,1.0000000000e+00
2.6770144510e+02,1.0000000000e+00
2.7340594424e+02,1.0000000000e+00
2.7052908266e+02,1.0000000000e+00
2.5844249418e+02,1.0000000000e+00
2.4485558658e+02,1.0000000000e+00
2.3982021777e+02,1.0000000000e+00
2.4716833460e+02,1.0000000000e+00
2.6196540162e+02,1.0000000000e+00
2.7589010008e+02,1.0000000000e+00
2.8381788230e+02,1.0000000000e+00
2.8580168113e+02,1.0000000000e+00
2.8494165705e+02,1.0000000000e+00
2.8426331827e+02,1.0000000000e+00
2.8465317339e+02,1.0000000000e+00
2.8448593403e+02,1.0000000000e+00
2.8087588380e+02,1.0000000000e+00
2.7207185158e+02,1.0000000000e+00
2.5953685606e+02,1.0000000000e+00
2.4730288691e+02,1.0000000000e+00
2.3827241432e+02,1.0000000000e+00
2.3164295931e+02,1.0000000000e+00
2.2475075488e+02,1.0000000000e+00
2.1590958318e+02,1.0000000000e+00
2.0451040841e+02,1.0000000000e+00
1.9073551703e+02,1.0000000000e+00
1.7617151529e+02,1.0000000000e+00
1.6250703937e+02,1.0000000000e+00
1.4963793803e+02,1.0000000000e+00
1.3680089346e+02,1.0000000000e+00
1.2428176242e+02,1.0000000000e+00
1.1236169744e+02,1.0000000000e+00
9.9981550486e+01,1.0000000000e+00
8.5708689905e+01,1.0000000000e+00
6.9281411101e+01,1.0000000000e+00
5.1800883661e+01,1.0000000000e+00
4.4400757424e+01,1.0000000000e+00
3.7000631186e+01,1.0000000000e+00
2.9600504949e+01,1.0000000000e+00
2.2200378712e+01,1.0000000000e+00
1.4800252475e+01,1.0000000000e+00
7.4001262373e+00,1.0000000000e+00
0.0000000000e+00,9.0000000000e-01
0.0000000000e+00,8.0000000000e-01
0.0000000000e+00,7.0000000000e-01
0.0000000000e+00,6.0000000000e-01
0.0000000000e+00,6.0000000000e-01
0.0000000000e+00,6.0000000000e-01
0.0000000000e+00,6.0000000000e-01
0.0000000000e+00,6.0000000000e-01
0.0000000000e+00,6.0000000000e-01
0.0000000000e+00,6.0000000000e-01
0.0000000000e+00,6.0000000000e-01
0.0000000000e+00,6.0000000000e-01
0.0000000000e+00,6.0000000000e-01
0.0000000000e+00,6.0000000000e-01
0.0000000000e+00,6.0000000000e-01
0.0000000000e+00,6.0000000000e-01
0.0000000000e+00,6.0000000000e-01
0.0000000000e+00,6.0000000000e-01
0.0000000000e+00,6.0000000000e-01
0.0000000000e+00,6.0000000000e-01
0.0000000000e+00,6.0000000000e-01
0.0000000000e+00,6.0000000000e-01
0.0000000000e+00,6.0000000000e-01
0.0000000000e+00,6.0000000000e-01
0.0000000000e+00,6.0000000000e-01
0.0000000000e+00,6.0000000000e-01
0.0000000000e+00,6.0000000000e-01
0.0000000000e+00,6.0000000000e-01
0.0000000000e+00,6.0000000000e-01
0.0000000000e+00,6.0000000000e-01
0.0000000000e+00,6.0000000000e-01
0.0000000000e+00,7.0000000000e-01
0.0000000000e+00,8.0000000000e-01
0.0000000000e+00,9.0000000000e-01
1.7617526330e+01,1.0000000000e+00
3.5235052659e+01,1.0000000000e+00
5.2852578989e+01,1.0000000000e+00
1.1825812302e+02,1.0000000000e+00
1.8890776738e+02,1.0000000000e+00
2.4444146322e+02,1.0000000000e+00
2.7269937788e+02,1.0000000000e+00
2.7445219935e+02,1.0000000000e+00
2.5937901001e+02,1.0000000000e+00
2.3843068971e+02,1.0000000000e+00
2.1822610100e+02,1.0000000000e+00
1.9986324208e+02,1.0000000000e+00
1.8087701347e+02,1.0000000000e+00
1.5809444178e+02,1.0000000000e+00
1.3071605045e+02,1.0000000000e+00
1.0381422080e+02,1.0000000000e+00
8.9798901834e+01,1.0000000000e+00
1.0228510107e+02,1.0000000000e+00
1.4354609066e+02,1.0000000000e+00
1.9895055040e+02,1.0000000000e+00
2.4668202089e+02,1.0000000000e+00
2.7216819002e+02,1.0000000000e+00
2.7377263815e+02,1.0000000000e+00
2.5966062290e+02,1.0000000000e+00
2.4165167382e+02,1.0000000000e+00
2.2881138837e+02,1.0000000000e+00
2.2306394739e+02,1.0000000000e+00
2.1970887129e+02,1.0000000000e+00
2.1265446913e+02,1.0000000000e+00
2.0057739031e+02,1.0000000000e+00
1.8958686512e+02,1.0000000000e+00
1.8986041532e+02,1.0000000000e+00
2.0747649894e+02,1.0000000000e+00
2.3765090443e+02,1.0000000000e+00
2.6655254465e+02,1.0000000000e+00
2.8096044787e+02,1.0000000000e+00
2.7664137154e+02,1.0000000000e+00
2.5893865359e+02,1.0000000000e+00
2.3744616903e+02,1.0000000000e+00
2.2008992940e+02,1.0000000000e+00
2.1011058755e+02,1.0000000000e+00
2.0645026286e+02,1.0000000000e+00
2.0607834758e+02,1.0000000000e+00
2.0630404154e+02,1.0000000000e+00
2.0611589307e+02,1.0000000000e+00
2.0685914193e+02,1.0000000000e+00
2.1154543680e+02,1.0000000000e+00
2.2155383326e+02,1.0000000000e+00
2.3355726066e+02,1.0000000000e+00
2.4144003008e+02,1.0000000000e+00
2.4204406673e+02,1.0000000000e+00
2.3839968509e+02,1.0000000000e+00
2.3701709330e+02,1.0000000000e+00
2.4203458116e+02,1.0000000000e+00
2.5165884762e+02,1.0000000000e+00
2.5993313076e+02,1.0000000000e+00
2.6204044919e+02,1.0000000000e+00
2.5815970483e+02,1.0000000000e+00
2.5255091087e+02,1.0000000000e+00
2.4979272700e+02,1.0000000000e+00
2.5232487488e+02,1.0000000000e+00
2.5972236069e+02,1.0000000000e+00
2.6751645662e+02,1.0000000000e+00
2.6680422604e+02,1.0000000000e+00
2.4880831094e+02,1.0000000000e+00
2.1401077517e+02,1.0000000000e+00
1.7715306181e+02,1.0000000000e+00
1.5914422793e+02,1.0000000000e+00
1.7035129857e+02,1.0000000000e+00
2.0210439611e+02,1.0000000000e+00
2.3553051676e+02,1.0000000000e+00
2.5741221256e+02,1.0000000000e+00
2.6736993805e+02,1.0000000000e+00
2.7295471116e+02,1.0000000000e+00
2.8019675205e+02,1.0000000000e+00
2.8717697390e+02,1.0000000000e+00
2.8388019395e+02,1.0000000000e+00
2.5838489334e+02,1.0000000000e+00
2.0625122181e+02,1.0000000000e+00
1.3705348357e+02,1.0000000000e+00
7.2719046815e+01,1.0000000000e+00
3.7513523861e+01,1.0000000000e+00
4.5411921764e+01,1.0000000000e+00
9.2503319713e+01,1.0000000000e+00
1.5913627762e+02,1.0000000000e+00
2.2075806891e+02,1.0000000000e+00
2.6008297546e+02,1.0000000000e+00
2.7238949897e+02,1.0000000000e+00
2.6317087042e+02,1.0000000000e+00
2.4289396683e+02,1.0000000000e+00
2.2153625986e+02,1.0000000000e+00
2.0407833068e+02,1.0000000000e+00
1.8937501536e+02,1.0000000000e+00
1.7279873731e+02,1.0000000000e+00
1.4959636909e+02,1.0000000000e+00
1.1730299558e+02,1.0000000000e+00
7.8323643713e+01,1.0000000000e+00
6.7134551754e+01,1.0000000000e+00
5.5945459795e+01,1.0000000000e+00
4.4756367836e+01,1.0000000000e+00
3.3567275877e+01,1.0000000000e+00
3.4103194781e+01,1.0000000000e+00
5.4390717806e+01,1.0000000000e+00
6.8919276838e+01,1.0000000000e+00
7.5693429267e+01,1.0000000000e+00
7.7440381130e+01,1.0000000000e+00
7.7645974058e+01,1.0000000000e+00
7.7762247026e+01,1.0000000000e+00
7.7715030766e+01,1.0000000000e+00
7.7500916719e+01,1.0000000000e+00
7.7057383044e+01,1.0000000000e+00
7.4807320793e+01,1.0000000000e+00
6.7992920664e+01,1.0000000000e+00
5.6125560020e+01,1.0000000000e+00
4.4703360490e+01,1.0000000000e+00
4.4876691021e+01,1.0000000000e+00
6.7488998215e+01,1.0000000000e+00
1.1474041207e+02,1.0000000000e+00
1.7611275472e+02,1.0000000000e+00
2.3346782951e+02,1.0000000000e+00
2.7254378802e+02,1.0000000000e+00
2.9092887128e+02,1.0000000000e+00
2.9523440903e+02,1.0000000000e+00
2.9108458644e+02,1.0000000000e+00
2.7630600863e+02,1.0000000000e+00
2.4364525936e+02,1.0000000000e+00
1.9014666735e+02,1.0000000000e+00
1.2446582081e+02,1.0000000000e+00
6.5172713647e+01,1.0000000000e+00
3.1458011669e+01,1.0000000000e+00
3.4299123052e+01,1.0000000000e+00
7.3100527491e+01,1.0000000000e+00
1.3616140468e+02,1.0000000000e+00
2.0393237224e+02,1.0000000000e+00
2.5650236728e+02,1.0000000000e+00
2.8192195157e+02,1.0000000000e+00
2.7909528897e+02,1.0000000000e+00
2.5543481543e+02,1.0000000000e+00
2.2354075802e+02,1.0000000000e+00
1.9756733253e+02,1.0000000000e+00
1.8784312833e+02,1.0000000000e+00
1.9525302890e+02,1.0000000000e+00
2.1054253142e+02,1.0000000000e+00
2.2175522538e+02,1.0000000000e+00
2.2383833300e+02,1.0000000000e+00
2.2053496179e+02,1.0000000000e+00
2.1832279304e+02,1.0000000000e+00
2.2063460874e+02,1.0000000000e+00
2.2653772047e+02,1.0000000000e+00
2.3204325746e+02,1.0000000000e+00
2.3258670257e+02,1.0000000000e+00
2.2656462152e+02,1.0000000000e+00
2.1808583367e+02,1.0000000000e+00
2.1550285943e+02,1.0000000000e+00
2.2508054523e+02,1.0000000000e+00
2.4506531617e+02,1.0000000000e+00
2.6672841482e+02,1.0000000000e+00
2.8166439770e+02,1.0000000000e+00
2.8759296673e+02,1.0000000000e+00
2.8777442533e+02,1.0000000000e+00
2.8652743280e+02,1.0000000000e+00
2.8549253501e+02,1.0000000000e+00
2.8284709681e+02,1.0000000000e+00
2.7533228229e+02,1.0000000000e+00
2.6144517859e+02,1.0000000000e+00
2.4296063414e+02,1.0000000000e+00
2.2315281278e+02,1.0000000000e+00
2.0421008493e+02,1.0000000000e+00
1.8691592183e+02,1.0000000000e+00
1.7096000821e+02,1.0000000000e+00
1.5413526619e+02,1.0000000000e+00
1.3331190579e+02,1.0000000000e+00
1.0807050279e+02,1.0000000000e+00
8.2298118698e+01,1.0000000000e+00
6.1096248239e+01,1.0000000000e+00
4.6545365972e+01,1.0000000000e+00
3.9896027976e+01,1.0000000000e+00
3.3246689980e+01,1.0000000000e+00
2.6597351984e+01,1.0000000000e+00
3.4554349109e+01,1.0000000000e+00
5.1831523664e+01,1.0000000000e+00
9.5426262127e+01,1.0000000000e+00
1.4997592231e+02,1.0000000000e+00
1.9783502206e+02,1.0000000000e+00
2.2665065522e+02,1.0000000000e+00
2.3829250423e+02,1.0000000000e+00
2.4425097454e+02,1.0000000000e+00
2.5342874257e+02,1.0000000000e+00
2.6556393000e+02,1.0000000000e+00
2.7515153308e+02,1.0000000000e+00
2.7870109568e+02,1.0000000000e+00
2.7707354753e+02,1.0000000000e+00
2.7291211360e+02,1.0000000000e+00
2.6838475808e+02,1.0000000000e+00
2.6528927998e+02,1.0000000000e+00
2.6441307882e+02,1.0000000000e+00
2.6284974475e+02,1.0000000000e+00
2.5426968946e+02,1.0000000000e+00
2.3568586975e+02,1.0000000000e+00
2.1436999042e+02,1.0000000000e+00
2.0472326131e+02,1.0000000000e+00
2.1548051611e+02,1.0000000000e+00
2.4091387354e+02,1.0000000000e+00
2.6630819507e+02,1.0000000000e+00
2.8086181302e+02,1.0000000000e+00
2.8437820227e+02,1.0000000000e+00
2.8397851845e+02,1.0000000000e+00
2.8659632356e+02,1.0000000000e+00
2.9303919237e+02,1.0000000000e+00
2.9596785069e+02,1.0000000000e+00
2.8295858304e+02,1.0000000000e+00
2.4524181135e+02,1.0000000000e+00
1.8836202552e+02,1.0000000000e+00
1.3460781187e+02,1.0000000000e+00
1.1025178174e+02,1.0000000000e+00
1.2685523304e+02,1.0000000000e+00
1.7416484026e+02,1.0000000000e+00
2.2915743306e+02,1.0000000000e+00
2.7109695020e+02,1.0000000000e+00
2.9160205862e+02,1.0000000000e+00
2.9486428284e+02,1.0000000000e+00
2.9033687341e+02,1.0000000000e+00
2.8498779591e+02,1.0000000000e+00
2.8038012333e+02,1.0000000000e+00
2.7470200803e+02,1.0000000000e+00
2.6668472083e+02,1.0000000000e+00
2.5763040181e+02,1.0000000000e+00
2.4962390595e+02,1.0000000000e+00
2.4266967294e+02,1.0000000000e+00
2.3560711842e+02,1.0000000000e+00
2.2998717575e+02,1.0000000000e+00
2.3037249804e+02,1.0000000000e+00
2.3914478982e+02,1.0000000000e+00
2.5254382591e+02,1.0000000000e+00
2.6376272978e+02,1.0000000000e+00
2.6944645871e+02,1.0000000000e+00
2.7164865909e+02,1.0000000000e+00
2.7392495628e+02,1.0000000000e+00
2.7740895320e+02,1.0000000000e+00
2.8089044910e+02,1.0000000000e+00
2.8303865229e+02,1.0000000000e+00
2.8363442416e+02,1.0000000000e+00
2.8329370036e+02,1.0000000000e+00
2.8274354034e+02,1.0000000000e+00
2.8239611293e+02,1.0000000000e+00
2.8232141650e+02,1.0000000000e+00
2.8241975383e+02,1.0000000000e+00
2.8258169073e+02,1.0000000000e+00
2.8273891630e+02,1.0000000000e+00
2.8282685917e+02,1.0000000000e+00
2.8274288358e+02,1.0000000000e+00
2.8238167781e+02,1.0000000000e+00
2.8176206354e+02,1.0000000000e+00
2.8113271428e+02,1.0000000000e+00
2.8086629396e+02,1.0000000000e+00
2.8114618272e+02,1.0000000000e+00
2.8178208500e+02,1.0000000000e+00
2.8239271116e+02,1.0000000000e+00
2.8272377694e+02,1.0000000000e+00
2.8276580977e+02,1.0000000000e+00
2.8265873770e+02,1.0000000000e+00
2.8255661612e+02,1.0000000000e+00
2.8255080286e+02,1.0000000000e+00
2.8264678388e+02,1.0000000000e+00
2.8276397293e+02,1.0000000000e+00
2.8275708168e+02,1.0000000000e+00
2.8249102993e+02,1.0000000000e+00
2.8198739739e+02,1.0000000000e+00
2.8157714725e+02,1.0000000000e+00
2.8188078402e+02,1.0000000000e+00
2.8340647084e+02,1.0000000000e+00
2.8574975732e+02,1.0000000000e+00
2.8682716214e+02,1.0000000000e+00
2.8301556036e+02,1.0000000000e+00
2.7086771656e+02,1.0000000000e+00
2.4984588087e+02,1.0000000000e+00
2.2412280472e+02,1.0000000000e+00
2.0121016766e+02,1.0000000000e+00
1.8682453261e+02,1.0000000000e+00
1.7972980974e+02,1.0000000000e+00
1.7293909649e+02,1.0000000000e+00
1.6103469306e+02,1.0000000000e+00
1.4451767929e+02,1.0000000000e+00
1.2658207892e+02,1.0000000000e+00
1.0888090474e+02,1.0000000000e+00
9.1942889503e+01,1.0000000000e+00
7.7110673335e+01,1.0000000000e+00
6.6194528801e+01,1.0000000000e+00
6.0001124642e+01,1.0000000000e+00
5.7325919880e+01,1.0000000000e+00
5.4825325145e+01,1.0000000000e+00
4.9059579735e+01,1.0000000000e+00
3.9743397871e+01,1.0000000000e+00
3.4065769604e+01,1.0000000000e+00
2.8388141337e+01,1.0000000000e+00
2.2710513069e+01,1.0000000000e+00
1.7032884802e+01,1.0000000000e+00
1.1355256535e+01,1.0000000000e+00
5.6776282673e+00,1.0000000000e+00
0.0000000000e+00,9.0000000000e-01
0.0000000000e+00,8.0000000000e-01
0.0000000000e+00,7.0000000000e-01
0.0000000000e+00,6.0000000000e-01
0.0000000000e+00,6.0000000000e-01
0.0000000000e+00,6.0000000000e-01
0.0000000000e+00,6.0000000000e-01
0.0000000000e+00,6.0000000000e-01
0.0000000000e+00,6.0000000000e-01
0.0000000000e+00,6.0000000000e-01
0.0000000000e+00,6.0000000000e-01
0.0000000000e+00,6.0000000000e-01
0.0000000000e+00,6.0000000000e-01
0.0000000000e+00,6.0000000000e-01
0.0000000000e+00,6.0000000000e-01
0.0000000000e+00,6.0000000000e-01
0.0000000000e+00,6.0000000000e-01
0.0000000000e+00,6.0000000000e-01
0.0000000000e+00,6.0000000000e-01
0.0000000000e+00,6.0000000000e-01
0.0000000000e+00,6.0000000000e-01
0.0000000000e+00,6.0000000000e-01
0.0000000000e+00,6.0000000000e-01
0.0000000000e+00,6.0000000000e-01
0.0000000000e+00,6.0000000000e-01
0.0000000000e+00,6.0000000000e-01
0.0000000000e+00,6.0000000000e-01
0.0000000000e+00,6.0000000000e-01
0.0000000000e+00,6.0000000000e-01
0.0000000000e+00,6.0000000000e-01
0.0000000000e+00,6.0000000000e-01
0.0000000000e+00,6.0000000000e-01
0.0000000000e+00,6.0000000000e-01
0.0000000000e+00,6.0000000000e-01
0.0000000000e+00,6.0000000000e-01
0.0000000000e+00,6.0000000000e-01
0.0000000000e+00,6.0000000000e-01
0.0000000000e+00,6.0000000000e-01
0.0000000000e+00,6.0000000000e-01
0.0000000000e+00,6.0000000000e-01
0.0000000000e+00,6.0000000000e-01
0.0000000000e+00,6.0000000000e-01
0.0000000000e+00,6.0000000000e-01
0.0000000000e+00,6.0000000000e-01
0.0000000000e+00,6.0000000000e-01
0.0000000000e+00,6.0000000000e-01
0.0000000000e+00,6.0000000000e-01
0.0000000000e+00,6.0000000000e-01
0.0000000000e+00,6.0000000000e-01
0.0000000000e+00,6.0000000000e-01
0.0000000000e+00,7.0000000000e-01
0.0000000000e+00,8.0000000000e-01
0.0000000000e+00,9.0000000000e-01
1.2679893714e+01,1.0000000000e+00
2.5359787428e+01,1.0000000000e+00
3.8039681142e+01,1.0000000000e+00
6.4738124921e+01,1.0000000000e+00
1.1329433243e+02,1.0000000000e+00
1.7627943190e+02,1.0000000000e+00
2.3598155033e+02,1.0000000000e+00
2.7650685230e+02,1.0000000000e+00
2.9356295574e+02,1.0000000000e+00
2.9402875967e+02,1.0000000000e+00
2.8829621152e+02,1.0000000000e+00
2.8326467329e+02,1.0000000000e+00
2.8029936230e+02,1.0000000000e+00
2.7739333208e+02,1.0000000000e+00
2.7262102313e+02,1.0000000000e+00
2.6609995975e+02,1.0000000000e+00
2.5914275706e+02,1.0000000000e+00
2.5192567284e+02,1.0000000000e+00
2.4290763639e+02,1.0000000000e+00
2.3110794052e+02,1.0000000000e+00
2.1777108245e+02,1.0000000000e+00
2.0453816334e+02,1.0000000000e+00
1.9131630148e+02,1.0000000000e+00
1.7793880002e+02,1.0000000000e+00
1.6735011143e+02,1.0000000000e+00
1.6530812140e+02,1.0000000000e+00
1.7584305917e+02,1.0000000000e+00
1.9555734178e+02,1.0000000000e+00
2.1138786996e+02,1.0000000000e+00
2.0709584678e+02,1.0000000000e+00
1.7774227778e+02,1.0000000000e+00
1.3962424461e+02,1.0000000000e+00
1.2175646280e+02,1.0000000000e+00
1.4235938348e+02,1.0000000000e+00
1.9272290133e+02,1.0000000000e+00
2.4549313407e+02,1.0000000000e+00
2.7776575936e+02,1.0000000000e+00
2.8547400147e+02,1.0000000000e+00
2.7949681821e+02,1.0000000000e+00
2.7278022481e+02,1.0000000000e+00
2.7144604874e+02,1.0000000000e+00
2.7453471047e+02,1.0000000000e+00
2.7834464114e+02,1.0000000000e+00
2.7995481204e+02,1.0000000000e+00
2.7846913536e+02,1.0000000000e+00
2.7498099601e+02,1.0000000000e+00
2.7178845313e+02,1.0000000000e+00
2.7091470278e+02,1.0000000000e+00
2.7266944572e+02,1.0000000000e+00
2.7558878705e+02,1.0000000000e+00
2.7799395052e+02,1.0000000000e+00
2.7941706682e+02,1.0000000000e+00
2.8037284105e+02,1.0000000000e+00
2.8128507320e+02,1.0000000000e+00
2.8209111712e+02,1.0000000000e+00
2.8256825919e+02,1.0000000000e+00
2.8256507548e+02,1.0000000000e+00
2.8184160786e+02,1.0000000000e+00
2.7980818704e+02,1.0000000000e+00
2.7565721563e+02,1.0000000000e+00
2.6927332414e+02,1.0000000000e+00
2.6241575398e+02,1.0000000000e+00
2.5827206867e+02,1.0000000000e+00
2.5817542978e+02,1.0000000000e+00
2.5848464533e+02,1.0000000000e+00
2.5263768520e+02,1.0000000000e+00
2.3742080575e+02,1.0000000000e+00
2.1585144095e+02,1.0000000000e+00
1.9268673091e+02,1.0000000000e+00
1.6823176960e+02,1.0000000000e+00
1.3849330560e+02,1.0000000000e+00
1.0155349989e+02,1.0000000000e+00
6.2597205207e+01,1.0000000000e+00
3.3292562754e+01,1.0000000000e+00
2.9907003169e+01,1.0000000000e+00
5.6428446754e+01,1.0000000000e+00
1.1720620554e+02,1.0000000000e+00
1.9187789463e+02,1.0000000000e+00
2.5518544241e+02,1.0000000000e+00
2.9101677973e+02,1.0000000000e+00
2.9989876983e+02,1.0000000000e+00
2.9300338651e+02,1.0000000000e+00
2.8194468916e+02,1.0000000000e+00
2.7346554299e+02,1.0000000000e+00
2.6979711643e+02,1.0000000000e+00
2.7072181150e+02,1.0000000000e+00
2.7465679459e+02,1.0000000000e+00
2.7924850713e+02,1.0000000000e+00
2.8247415224e+02,1.0000000000e+00
2.8362188110e+02,1.0000000000e+00
2.8326268610e+02,1.0000000000e+00
2.8251085877e+02,1.0000000000e+00
2.8231395650e+02,1.0000000000e+00
2.8302782057e+02,1.0000000000e+00
2.8417895888e+02,1.0000000000e+00
2.8443484646e+02,1.0000000000e+00
2.8206764271e+02,1.0000000000e+00
2.7610427761e+02,1.0000000000e+00
2.6749652166e+02,1.0000000000e+00
2.5874881882e+02,1.0000000000e+00
2.5167758290e+02,1.0000000000e+00
2.4578435306e+02,1.0000000000e+00
2.3946671501e+02,1.0000000000e+00
2.3247462183e+02,1.0000000000e+00
2.2653473588e+02,1.0000000000e+00
2.2380919716e+02,1.0000000000e+00
2.2489074457e+02,1.0000000000e+00
2.2757831433e+02,1.0000000000e+00
2.2758861856e+02,1.0000000000e+00
2.2147431921e+02,1.0000000000e+00
2.0925371257e+02,1.0000000000e+00
1.9441089451e+02,1.0000000000e+00
1.8186885167e+02,1.0000000000e+00
1.7512868220e+02,1.0000000000e+00
1.7360057445e+02,1.0000000000e+00
1.7233836760e+02,1.0000000000e+00
1.6541673761e+02,1.0000000000e+00
1.5069472214e+02,1.0000000000e+00
1.3186942381e+02,1.0000000000e+00
1.1587389995e+02,1.0000000000e+00
1.0773880493e+02,1.0000000000e+00
1.0685950381e+02,1.0000000000e+00
1.0701299985e+02,1.0000000000e+00
1.0000733676e+02,1.0000000000e+00
8.1789277726e+01,1.0000000000e+00
5.8436220410e+01,1.0000000000e+00
4.6188414840e+01,1.0000000000e+00
6.0955536767e+01,1.0000000000e+00
1.0341737569e+02,1.0000000000e+00
1.5527598953e+02,1.0000000000e+00
1.9411932503e+02,1.0000000000e+00
2.1246066944e+02,1.0000000000e+00
2.1970514165e+02,1.0000000000e+00
2.2729998125e+02,1.0000000000e+00
2.3674840951e+02,1.0000000000e+00
2.4132707112e+02,1.0000000000e+00
2.3421212834e+02,1.0000000000e+00
2.1311294902e+02,1.0000000000e+00
1.7964908555e+02,1.0000000000e+00
1.3740549798e+02,1.0000000000e+00
9.1964717518e+01,1.0000000000e+00
7.8826900730e+01,1.0000000000e+00
6.5689083942e+01,1.0000000000e+00
5.2551267153e+01,1.0000000000e+00
3.9413450365e+01,1.0000000000e+00
2.6275633577e+01,1.0000000000e+00
1.3137816788e+01,1.0000000000e+00
0.0000000000e+00,1.0000000000e+00
0.0000000000e+00,1.0000000000e+00
0.0000000000e+00,1.0000000000e+00
0.0000000000e+00,1.0000000000e+00
0.0000000000e+00,1.0000000000e+00
0.0000000000e+00,1.0000000000e+00
0.0000000000e+00,1.0000000000e+00
0.0000000000e+00,1.0000000000e+00
0.0000000000e+00,1.0000000000e+00
0.0000000000e+00,1.0000000000e+00
0.0000000000e+00,1.0000000000e+00
0.0000000000e+00,1.0000000000e+00
0.0000000000e+00,1.0000000000e+00
0.0000000000e+00,1.0000000000e+00
0.0000000000e+00,1.0000000000e+00
0.0000000000e+00,1.0000000000e+00
0.0000000000e+00,1.0000000000e+00
0.0000000000e+00,1.0000000000e+00
0.0000000000e+00,1.0000000000e+00
0.0000000000e+00,1.0000000000e+00
0.0000000000e+00,1.0000000000e+00
0.0000000000e+00,1.0000000000e+00
0.0000000000e+00,1.0000000000e+00
0.0000000000e+00,1.0000000000e+00
0.0000000000e+00,1.0000000000e+00
0.0000000000e+00,1.0000000000e+00
0.0000000000e+00,1.0000000000e+00
0.0000000000e+00,1.0000000000e+00
0.0000000000e+00,1.0000000000e+00
0.0000000000e+00,1.0000000000e+00
0.0000000000e+00,1.0000000000e+00
0.0000000000e+00,1.0000000000e+00
0.0000000000e+00,1.0000000000e+00
0.0000000000e+00,1.0000000000e+00
0.0000000000e+00,1.0000000000e+00
0.0000000000e+00,1.0000000000e+00
0.0000000000e+00,1.0000000000e+00
0.0000000000e+00,1.0000000000e+00
0.0000000000e+00,1.0000000000e+00
0.0000000000e+00,1.0000000000e+00
0.0000000000e+00,1.0000000000e+00
0.0000000000e+00,1.0000000000e+00
0.0000000000e+00,1.0000000000e+00
0.0000000000e+00,1.0000000000e+00
0.0000000000e+00,1.0000000000e+00
0.0000000000e+00,1.0000000000e+00
0.0000000000e+00,1.0000000000e+00
0.0000000000e+00,1.0000000000e+00
0.0000000000e+00,1.0000000000e+00
0.0000000000e+00,1.0000000000e+00
0.0000000000e+00,1.0000000000e+00
0.0000000000e+00,1.0000000000e+00
0.0000000000e+00,1.0000000000e+00
0.0000000000e+00,1.0000000000e+00
0.0000000000e+00,1.0000000000e+00
0.0000000000e+00,1.0000000000e+00
0.0000000000e+00,1.0000000000e+00
0.0000000000e+00,1.0000000000e+00
0.0000000000e+00,1.0000000000e+00
0.0000000000e+00,1.0000000000e+00
0.0000000000e+00,1.0000000000e+00
0.0000000000e+00,1.0000000000e+00
0.0000000000e+00,1.0000000000e+00
0.0000000000e+00,1.0000000000e+00
0.0000000000e+00,1.0000000000e+00
0.0000000000e+00,1.0000000000e+00
0.0000000000e+00,1.0000000000e+00
0.0000000000e+00,1.0000000000e+00
0.0000000000e+00,1.0000000000e+00
0.0000000000e+00,1.0000000000e+00
0.0000000000e+00,1.0000000000e+00
0.0000000000e+00,1.0000000000e+00
0.0000000000e+00,1.0000000000e+00
0.0000000000e+00,1.0000000000e+00
0.0000000000e+00,1.0000000000e+00
0.0000000000e+00,1.0000000000e+00
0.0000000000e+00,1.0000000000e+00
0.0000000000e+00,1.0000000000e+00
0.0000000000e+00,1.0000000000e+00
0.0000000000e+00,1.0000000000e+00
0.0000000000e+00,1.0000000000e+00
0.0000000000e+00,1.0000000000e+00
0.0000000000e+00,1.0000000000e+00
0.0000000000e+00,1.0000000000e+00
0.0000000000e+00,1.0000000000e+00
0.0000000000e+00,1.0000000000e+00
0.0000000000e+00,1.0000000000e+00
0.0000000000e+00,1.0000000000e+00
0.0000000000e+00,1.0000000000e+00
