0.0000000000e+00,1.0000000000e+00
0.0000000000e+00,1.0000000000e+00
0.0000000000e+00,1.0000000000e+00
0.0000000000e+00,1.0000000000e+00
0.0000000000e+00,1.0000000000e+00
0.0000000000e+00,1.0000000000e+00
0.0000000000e+00,1.0000000000e+00
0.0000000000e+00,1.0000000000e+00
0.0000000000e+00,1.0000000000e+00
2.2324644785e+01,1.0000000000e+00
4.4649289570e+01,1.0000000000e+00
6.6973934354e+01,1.0000000000e+00
1.0532430886e+02,1.0000000000e+00
1.4583333333e+02,1.0000000000e+00
1.7500000000e+02,1.0000000000e+00
1.7338268184e+02,1.0000000000e+00
1.5334712848e+02,1.0000000000e+00
1.3049936070e+02,1.0000000000e+00
1.0483937851e+02,1.0000000000e+00
7.6367181898e+01,1.0000000000e+00
4.5082770874e+01,1.0000000000e+00
6.1915418327e+01,1.0000000000e+00
9.9965016435e+01,1.0000000000e+00
1.5527677087e+02,1.0000000000e+00
2.1578122294e+02,1.0000000000e+00
2.6477393659e+02,1.0000000000e+00
2.9023560284e+02,1.0000000000e+00
2.9214504701e+02,1.0000000000e+00
2.8173540653e+02,1.0000000000e+00
2.7319450648e+02,1.0000000000e+00
2.7357189462e+02,1.0000000000e+00
2.7953663125e+02,1.0000000000e+00
2.8353283413e+02,1.0000000000e+00
2.8135238389e+02,1.0000000000e+00
2.7387040867e+02,1.0000000000e+00
2.6432753329e+02,1.0000000000e+00
2.5525490140e+02,1.0000000000e+00
2.4674899074e+02,1.0000000000e+00
2.3632407605e+02,1.0000000000e+00
2.2007548712e+02,1.0000000000e+00
1.9505117674e+02,1.0000000000e+00
1.6271046695e+02,1.0000000000e+00
1.3077724004e+02,1.0000000000e+00
1.0938556097e+02,1.0000000000e+00
1.0318800640e+02,1.0000000000e+00
1.0767551685e+02,1.0000000000e+00
1.1398853769e+02,1.0000000000e+00
1.1677886176e+02,1.0000000000e+00
1.1785411497e+02,1.0000000000e+00
1.2405028842e+02,1.0000000000e+00
1.4172776106e+02,1.0000000000e+00
1.7132230589e+02,1.0000000000e+00
2.0587987208e+02,1.0000000000e+00
2.3532242454e+02,1.0000000000e+00
2.5310998477e+02,1.0000000000e+00
2.5941407023e+02,1.0000000000e+00
2.5877675151e+02,1.0000000000e+00
2.5584211914e+02,1.0000000000e+00
2.5290846166e+02,1.0000000000e+00
2.4965283283e+02,1.0000000000e+00
2.4397877501e+02,1.0000000000e+00
2.3283680334e+02,1.0000000000e+00
2.1260846864e+02,1.0000000000e+00
1.8092472915e+02,1.0000000000e+00
1.4043614578e+02,1.0000000000e+00
9.9763653747e+01,1.0000000000e+00
6.8208744007e+01,1.0000000000e+00
4.9282434845e+01,1.0000000000e+00
4.2242087010e+01,1.0000000000e+00
3.5201739175e+01,1.0000000000e+00
2.8161391340e+01,1.0000000000e+00
2.1121043505e+01,1.0000000000e+00
1.4080695670e+01,1.0000000000e+00
7.0403478350e+00,1.0000000000e+00
0.0000000000e+00,9.0000000000e-01
0.0000000000e+00,8.0000000000e-01
0.0000000000e+00,7.0000000000e-01
0.0000000000e+00,6.0000000000e-01
0.0000000000e+00,6.0000000000e-01
0.0000000000e+00,6.0000000000e-01
0.0000000000e+00,6.0000000000e-01
0.0000000000e+00,6.0000000000e-01
0.0000000000e+00,6.0000000000e-01
0.0000000000e+00,6.0000000000e-01
0.0000000000e+00,6.0000000000e-01
0.0000000000e+00,6.0000000000e-01
0.0000000000e+00,6.0000000000e-01
0.0000000000e+00,6.0000000000e-01
0.0000000000e+00,6.0000000000e-01
0.0000000000e+00,6.0000000000e-01
0.0000000000e+00,6.0000000000e-01
0.0000000000e+00,7.0000000000e-01
0.0000000000e+00,8.0000000000e-01
0.0000000000e+00,9.0000000000e-01
1.4586159722e+01,1.0000000000e+00
2.9172319443e+01,1.0000000000e+00
4.3758479165e+01,1.0000000000e+00
1.0586864737e+02,1.0000000000e+00
1.7850861299e+02,1.0000000000e+00
2.4296493912e+02,1.0000000000e+00
2.8611407670e+02,1.0000000000e+00
3.0637025888e+02,1.0000000000e+00
3.0959965121e+02,1.0000000000e+00
3.0114566948e+02,1.0000000000e+00
2.8156550460e+02,1.0000000000e+00
2.4855480101e+02,1.0000000000e+00
2.0323819130e+02,1.0000000000e+00
1.5491862930e+02,1.0000000000e+00
1.1752204559e+02,1.0000000000e+00
9.9582927325e+01,1.0000000000e+00
9.8882835486e+01,1.0000000000e+00
1.0705562387e+02,1.0000000000e+00
1.1687846994e+02,1.0000000000e+00
1.2509206081e+02,1.0000000000e+00
1.3120919383e+02,1.0000000000e+00
1.3527683043e+02,1.0000000000e+00
1.3822396230e+02,1.0000000000e+00
1.4602727063e+02,1.0000000000e+00
1.6996222957e+02,1.0000000000e+00
2.1546552968e+02,1.0000000000e+00
2.6909742624e+02,1.0000000000e+00
3.0144516566e+02,1.0000000000e+00
2.8722984853e+02,1.0000000000e+00
2.2475113953e+02,1.0000000000e+00
1.3786086168e+02,1.0000000000e+00
1.1816645287e+02,1.0000000000e+00
9.8472044058e+01,1.0000000000e+00
7.8777635246e+01,1.0000000000e+00
5.9083226435e+01,1.0000000000e+00
5.9300794403e+01,1.0000000000e+00
1.0681520122e+02,1.0000000000e+00
1.5155078913e+02,1.0000000000e+00
1.8282188206e+02,1.0000000000e+00
1.9540822522e+02,1.0000000000e+00
1.9039259756e+02,1.0000000000e+00
1.7262157607e+02,1.0000000000e+00
1.4825297603e+02,1.0000000000e+00
1.2310107570e+02,1.0000000000e+00
1.0095370326e+02,1.0000000000e+00
8.2610963773e+01,1.0000000000e+00
6.6666327518e+01,1.0000000000e+00
5.1429249074e+01,1.0000000000e+00
4.4082213492e+01,1.0000000000e+00
3.6735177910e+01,1.0000000000e+00
2.9388142328e+01,1.0000000000e+00
2.2041106746e+01,1.0000000000e+00
1.4694071164e+01,1.0000000000e+00
7.3470355819e+00,1.0000000000e+00
0.0000000000e+00,1.0000000000e+00
0.0000000000e+00,1.0000000000e+00
0.0000000000e+00,1.0000000000e+00
0.0000000000e+00,1.0000000000e+00
1.4206821116e+01,1.0000000000e+00
2.8413642232e+01,1.0000000000e+00
4.2620463348e+01,1.0000000000e+00
1.0094375044e+02,1.0000000000e+00
1.7247212017e+02,1.0000000000e+00
2.3609304458e+02,1.0000000000e+00
2.7525787326e+02,1.0000000000e+00
2.8647838527e+02,1.0000000000e+00
2.7761729457e+02,1.0000000000e+00
2.6003732518e+02,1.0000000000e+00
2.4171738568e+02,1.0000000000e+00
2.2525275377e+02,1.0000000000e+00
2.1077460602e+02,1.0000000000e+00
2.0027104889e+02,1.0000000000e+00
1.9808678467e+02,1.0000000000e+00
2.0616061604e+02,1.0000000000e+00
2.1919735055e+02,1.0000000000e+00
2.2591787917e+02,1.0000000000e+00
2.1644709435e+02,1.0000000000e+00
1.8981870608e+02,1.0000000000e+00
1.5493956524e+02,1.0000000000e+00
1.2427486059e+02,1.0000000000e+00
1.0612819193e+02,1.0000000000e+00
1.0110826484e+02,1.0000000000e+00
1.0419747647e+02,1.0000000000e+00
1.1044608933e+02,1.0000000000e+00
1.1887779084e+02,1.0000000000e+00
1.3046822388e+02,1.0000000000e+00
1.4394362538e+02,1.0000000000e+00
1.5599949269e+02,1.0000000000e+00
1.6515236251e+02,1.0000000000e+00
1.7269264352e+02,1.0000000000e+00
1.7897437761e+02,1.0000000000e+00
1.8051910713e+02,1.0000000000e+00
1.7211224675e+02,1.0000000000e+00
1.5170982537e+02,1.0000000000e+00
1.2363545575e+02,1.0000000000e+00
9.7104655438e+01,1.0000000000e+00
8.0389699133e+01,1.0000000000e+00
7.5502313639e+01,1.0000000000e+00
7.8257902595e+01,1.0000000000e+00
8.2392773582e+01,1.0000000000e+00
8.3177775633e+01,1.0000000000e+00
7.8852894778e+01,1.0000000000e+00
7.0422960287e+01,1.0000000000e+00
6.0178410989e+01,1.0000000000e+00
4.9999249868e+01,1.0000000000e+00
4.2856499887e+01,1.0000000000e+00
3.5713749906e+01,1.0000000000e+00
2.8570999925e+01,1.0000000000e+00
2.1428249944e+01,1.0000000000e+00
1.4285499962e+01,1.0000000000e+00
7.1427499812e+00,1.0000000000e+00
0.0000000000e+00,9.0000000000e-01
0.0000000000e+00,8.0000000000e-01
0.0000000000e+00,7.0000000000e-01
0.0000000000e+00,6.0000000000e-01
0.0000000000e+00,6.0000000000e-01
0.0000000000e+00,6.0000000000e-01
0.0000000000e+00,6.0000000000e-01
0.0000000000e+00,6.0000000000e-01
0.0000000000e+00,6.0000000000e-01
0.0000000000e+00,6.0000000000e-01
0.0000000000e+00,6.0000000000e-01
0.0000000000e+00,6.0000000000e-01
0.0000000000e+00,6.0000000000e-01
0.0000000000e+00,6.0000000000e-01
0.0000000000e+00,6.0000000000e-01
0.0000000000e+00,7.0000000000e-01
0.0000000000e+00,8.0000000000e-01
0.0000000000e+00,9.0000000000e-01
1.8746846209e+01,1.0000000000e+00
3.7493692417e+01,1.0000000000e+00
5.6240538626e+01,1.0000000000e+00
1.3942644035e+02,1.0000000000e+00
2.3090646027e+02,1.0000000000e+00
3.0057296884e+02,1.0000000000e+00
3.2706692620e+02,1.0000000000e+00
3.0767133291e+02,1.0000000000e+00
2.5670072456e+02,1.0000000000e+00
1.9706907797e+02,1.0000000000e+00
1.4953568565e+02,1.0000000000e+00
1.2396452849e+02,1.0000000000e+00
1.1759978654e+02,1.0000000000e+00
1.2120783949e+02,1.0000000000e+00
1.2776410379e+02,1.0000000000e+00
1.3625543376e+02,1.0000000000e+00
1.4819853804e+02,1.0000000000e+00
1.6257614995e+02,1.0000000000e+00
1.7535989762e+02,1.0000000000e+00
1.8237597102e+02,1.0000000000e+00
1.8137986296e+02,1.0000000000e+00
1.7266659598e+02,1.0000000000e+00
1.5892907189e+02,1.0000000000e+00
1.4405943686e+02,1.0000000000e+00
1.3084715084e+02,1.0000000000e+00
1.1896427829e+02,1.0000000000e+00
1.0544363267e+02,1.0000000000e+00
8.7764045630e+01,1.0000000000e+00
6.6505694321e+01,1.0000000000e+00
5.7004880846e+01,1.0000000000e+00
4.7504067372e+01,1.0000000000e+00
3.8003253898e+01,1.0000000000e+00
2.8502440423e+01,1.0000000000e+00
1.9001626949e+01,1.0000000000e+00
9.5008134744e+00,1.0000000000e+00
0.0000000000e+00,1.0000000000e+00
0.0000000000e+00,1.0000000000e+00
0.0000000000e+00,1.0000000000e+00
1.5938362279e+01,1.0000000000e+00
3.1876724558e+01,1.0000000000e+00
4.7815086836e+01,1.0000000000e+00
8.6664219657e+01,1.0000000000e+00
1.1968566474e+02,1.0000000000e+00
1.4583333333e+02,1.0000000000e+00
1.6510722543e+02,1.0000000000e+00
1.7500000000e+02,1.0000000000e+00
1.7300431602e+02,1.0000000000e+00
1.6050748026e+02,1.0000000000e+00
1.4583333333e+02,1.0000000000e+00
1.3036918202e+02,1.0000000000e+00
1.1411502633e+02,1.0000000000e+00
9.7070866241e+01,1.0000000000e+00
7.9236701769e+01,1.0000000000e+00
6.0612532908e+01,1.0000000000e+00
5.1560596133e+01,1.0000000000e+00
4.4194796685e+01,1.0000000000e+00
3.6828997238e+01,1.0000000000e+00
2.9463197790e+01,1.0000000000e+00
2.2097398343e+01,1.0000000000e+00
1.4731598895e+01,1.0000000000e+00
7.3657994476e+00,1.0000000000e+00
0.0000000000e+00,9.0000000000e-01
0.0000000000e+00,8.0000000000e-01
0.0000000000e+00,7.0000000000e-01
0.0000000000e+00,6.0000000000e-01
0.0000000000e+00,6.0000000000e-01
0.0000000000e+00,6.0000000000e-01
0.0000000000e+00,6.0000000000e-01
0.0000000000e+00,6.0000000000e-01
0.0000000000e+00,6.0000000000e-01
0.0000000000e+00,6.0000000000e-01
0.0000000000e+00,6.0000000000e-01
0.0000000000e+00,6.0000000000e-01
0.0000000000e+00,6.0000000000e-01
0.0000000000e+00,6.0000000000e-01
0.0000000000e+00,6.0000000000e-01
0.0000000000e+00,6.0000000000e-01
0.0000000000e+00,6.0000000000e-01
0.0000000000e+00,6.0000000000e-01
0.0000000000e+00,6.0000000000e-01
0.0000000000e+00,6.0000000000e-01
0.0000000000e+00,6.0000000000e-01
0.0000000000e+00,6.0000000000e-01
0.0000000000e+00,6.0000000000e-01
0.0000000000e+00,6.0000000000e-01
0.0000000000e+00,6.0000000000e-01
0.0000000000e+00,6.0000000000e-01
0.0000000000e+00,6.0000000000e-01
0.0000000000e+00,6.0000000000e-01
0.0000000000e+00,6.0000000000e-01
0.0000000000e+00,6.0000000000e-01
0.0000000000e+00,6.0000000000e-01
0.0000000000e+00,6.0000000000e-01
0.0000000000e+00,6.0000000000e-01
0.0000000000e+00,6.0000000000e-01
0.0000000000e+00,6.0000000000e-01
0.0000000000e+00,6.0000000000e-01
0.0000000000e+00,6.0000000000e-01
0.0000000000e+00,6.0000000000e-01
0.0000000000e+00,6.0000000000e-01
0.0000000000e+00,6.0000000000e-01
0.0000000000e+00,6.0000000000e-01
0.0000000000e+00,6.0000000000e-01
0.0000000000e+00,6.0000000000e-01
0.0000000000e+00,6.0000000000e-01
0.0000000000e+00,6.0000000000e-01
0.0000000000e+00,6.0000000000e-01
0.0000000000e+00,6.0000000000e-01
0.0000000000e+00,6.0000000000e-01
0.0000000000e+00,6.0000000000e-01
0.0000000000e+00,6.0000000000e-01
0.0000000000e+00,6.0000000000e-01
0.0000000000e+00,6.0000000000e-01
0.0000000000e+00,6.0000000000e-01
0.0000000000e+00,6.0000000000e-01
0.0000000000e+00,6.0000000000e-01
0.0000000000e+00,6.0000000000e-01
0.0000000000e+00,6.0000000000e-01
0.0000000000e+00,6.0000000000e-01
0.0000000000e+00,6.0000000000e-01
0.0000000000e+00,6.0000000000e-01
0.0000000000e+00,7.0000000000e-01
0.0000000000e+00,8.0000000000e-01
0.0000000000e+00,9.0000000000e-01
2.6843659267e+01,1.0000000000e+00
5.3687318533e+01,1.0000000000e+00
8.0530977800e+01,1.0000000000e+00
1.3748850669e+02,1.0000000000e+00
1.7686553427e+02,1.0000000000e+00
1.8545374870e+02,1.0000000000e+00
1.7324508624e+02,1.0000000000e+00
1.6745157099e+02,1.0000000000e+00
1.8940715345e+02,1.0000000000e+00
2.3696756074e+02,1.0000000000e+00
2.8939646387e+02,1.0000000000e+00
3.2501394660e+02,1.0000000000e+00
3.3217978060e+02,1.0000000000e+00
3.1027125687e+02,1.0000000000e+00
2.6867527189e+02,1.0000000000e+00
2.2539096178e+02,1.0000000000e+00
2.0061513636e+02,1.0000000000e+00
2.0640290296e+02,1.0000000000e+00
2.4010143527e+02,1.0000000000e+00
2.8573962370e+02,1.0000000000e+00
3.2100906990e+02,1.0000000000e+00
3.2639621671e+02,1.0000000000e+00
2.9426648175e+02,1.0000000000e+00
2.3461290534e+02,1.0000000000e+00
1.7176087366e+02,1.0000000000e+00
1.3063019632e+02,1.0000000000e+00
1.2348961031e+02,1.0000000000e+00
1.4874044181e+02,1.0000000000e+00
1.9667290462e+02,1.0000000000e+00
2.5232505816e+02,1.0000000000e+00
2.9877623090e+02,1.0000000000e+00
3.2539762595e+02,1.0000000000e+00
3.3343652135e+02,1.0000000000e+00
3.3202644299e+02,1.0000000000e+00
3.2928235088e+02,1.0000000000e+00
3.2660793365e+02,1.0000000000e+00
3.1942504466e+02,1.0000000000e+00
3.0277581190e+02,1.0000000000e+00
2.7762110406e+02,1.0000000000e+00
2.5274656378e+02,1.0000000000e+00
2.3956783693e+02,1.0000000000e+00
2.4328132184e+02,1.0000000000e+00
2.5856405825e+02,1.0000000000e+00
2.7456494513e+02,1.0000000000e+00
2.8427149413e+02,1.0000000000e+00
2.8862250722e+02,1.0000000000e+00
2.9242159870e+02,1.0000000000e+00
2.9843054002e+02,1.0000000000e+00
3.0571937073e+02,1.0000000000e+00
3.1160449321e+02,1.0000000000e+00
3.1370727283e+02,1.0000000000e+00
3.1043435163e+02,1.0000000000e+00
3.0043618857e+02,1.0000000000e+00
2.8255336033e+02,1.0000000000e+00
2.5686553190e+02,1.0000000000e+00
2.2601609125e+02,1.0000000000e+00
1.9518613260e+02,1.0000000000e+00
1.6945351665e+02,1.0000000000e+00
1.5020536937e+02,1.0000000000e+00
1.3461057432e+02,1.0000000000e+00
1.1866015511e+02,1.0000000000e+00
1.0009355857e+02,1.0000000000e+00
7.9306208724e+01,1.0000000000e+00
5.8900680541e+01,1.0000000000e+00
5.0486297607e+01,1.0000000000e+00
4.2071914672e+01,1.0000000000e+00
3.3657531738e+01,1.0000000000e+00
2.5243148803e+01,1.0000000000e+00
1.6828765869e+01,1.0000000000e+00
8.4143829345e+00,1.0000000000e+00
0.0000000000e+00,9.0000000000e-01
0.0000000000e+00,8.0000000000e-01
0.0000000000e+00,7.0000000000e-01
0.0000000000e+00,6.0000000000e-01
0.0000000000e+00,6.0000000000e-01
0.0000000000e+00,6.0000000000e-01
0.0000000000e+00,6.0000000000e-01
0.0000000000e+00,6.0000000000e-01
0.0000000000e+00,6.0000000000e-01
0.0000000000e+00,6.0000000000e-01
0.0000000000e+00,6.0000000000e-01
0.0000000000e+00,7.0000000000e-01
0.0000000000e+00,8.0000000000e-01
0.0000000000e+00,9.0000000000e-01
2.8241567687e+01,1.0000000000e+00
5.6483135373e+01,1.0000000000e+00
8.4724703060e+01,1.0000000000e+00
1.5275999003e+02,1.0000000000e+00
1.9747825268e+02,1.0000000000e+00
1.9829523159e+02,1.0000000000e+00
1.6286688356e+02,1.0000000000e+00
1.2232151718e+02,1.0000000000e+00
1.0998434494e+02,1.0000000000e+00
1.4085122414e+02,1.0000000000e+00
2.0404005849e+02,1.0000000000e+00
2.7294582405e+02,1.0000000000e+00
3.2468776258e+02,1.0000000000e+00
3.5000000000e+02,1.0000000000e+00
3.4706346718e+02,1.0000000000e+00
3.1324498545e+02,1.0000000000e+00
2.4850367928e+02,1.0000000000e+00
1.6624087228e+02,1.0000000000e+00
9.5333128485e+01,1.0000000000e+00
6.5663551790e+01,1.0000000000e+00
8.8926300598e+01,1.0000000000e+00
1.5230853100e+02,1.0000000000e+00
2.2846038353e+02,1.0000000000e+00
2.9051295942e+02,1.0000000000e+00
3.2112569148e+02,1.0000000000e+00
3.1414726586e+02,1.0000000000e+00
2.7362781011e+02,1.0000000000e+00
2.1278182477e+02,1.0000000000e+00
1.5147814875e+02,1.0000000000e+00
1.1118166958e+02,1.0000000000e+00
1.0773968263e+02,1.0000000000e+00
1.4364295972e+02,1.0000000000e+00
2.0479820769e+02,1.0000000000e+00
2.6665234752e+02,1.0000000000e+00
3.0716539610e+02,1.0000000000e+00
3.1766025526e+02,1.0000000000e+00
3.0452064216e+02,1.0000000000e+00
2.8266980466e+02,1.0000000000e+00
2.6606673118e+02,1.0000000000e+00
2.5901229735e+02,1.0000000000e+00
2.5252395428e+02,1.0000000000e+00
2.3066146734e+02,1.0000000000e+00
1.8426185320e+02,1.0000000000e+00
1.2025807034e+02,1.0000000000e+00
1.0307834601e+02,1.0000000000e+00
8.5898621674e+01,1.0000000000e+00
6.8718897340e+01,1.0000000000e+00
5.1539173005e+01,1.0000000000e+00
5.7322707323e+01,1.0000000000e+00
1.0593381843e+02,1.0000000000e+00
1.4583333333e+02,1.0000000000e+00
1.7500000000e+02,1.0000000000e+00
1.8130630631e+02,1.0000000000e+00
1.6568202818e+02,1.0000000000e+00
1.4583333333e+02,1.0000000000e+00
1.2471124971e+02,1.0000000000e+00
1.0231577732e+02,1.0000000000e+00
7.8646916147e+01,1.0000000000e+00
5.3704666205e+01,1.0000000000e+00
4.6032571033e+01,1.0000000000e+00
3.8360475860e+01,1.0000000000e+00
3.0688380688e+01,1.0000000000e+00
2.3016285516e+01,1.0000000000e+00
1.5344190344e+01,1.0000000000e+00
7.6720951721e+00,1.0000000000e+00
0.0000000000e+00,1.0000000000e+00
0.0000000000e+00,1.0000000000e+00
0.0000000000e+00,1.0000000000e+00
0.0000000000e+00,1.0000000000e+00
0.0000000000e+00,1.0000000000e+00
0.0000000000e+00,1.0000000000e+00
1.3557692267e+01,1.0000000000e+00
2.7115384533e+01,1.0000000000e+00
4.0673076800e+01,1.0000000000e+00
6.8952725884e+01,1.0000000000e+00
9.6947531728e+01,1.0000000000e+00
1.1906405975e+02,1.0000000000e+00
1.3264862176e+02,1.0000000000e+00
1.3956808285e+02,1.0000000000e+00
1.4583333333e+02,1.0000000000e+00
1.5954033311e+02,1.0000000000e+00
1.7073135144e+02,1.0000000000e+00
1.7500000000e+02,1.0000000000e+00
1.7161188073e+02,1.0000000000e+00
1.6312395126e+02,1.0000000000e+00
1.5209316920e+02,1.0000000000e+00
1.3851953456e+02,1.0000000000e+00
1.2240304734e+02,1.0000000000e+00
1.0374370753e+02,1.0000000000e+00
1.0475396137e+02,1.0000000000e+00
1.0919995384e+02,1.0000000000e+00
1.1317948468e+02,1.0000000000e+00
1.1385048116e+02,1.0000000000e+00
1.1219251357e+02,1.0000000000e+00
1.1149231789e+02,1.0000000000e+00
1.1377591160e+02,1.0000000000e+00
1.1762188086e+02,1.0000000000e+00
1.1823757032e+02,1.0000000000e+00
1.1043554739e+02,1.0000000000e+00
9.3633119586e+01,1.0000000000e+00
7.4244100278e+01,1.0000000000e+00
6.1986178028e+01,1.0000000000e+00
6.2911000462e+01,1.0000000000e+00
7.5268384569e+01,1.0000000000e+00
9.1143133518e+01,1.0000000000e+00
1.0175295159e+02,1.0000000000e+00
1.0229224576e+02,1.0000000000e+00
9.3596248882e+01,1.0000000000e+00
8.0443223612e+01,1.0000000000e+00
6.8014216716e+01,1.0000000000e+00
5.8700037360e+01,1.0000000000e+00
5.1403966887e+01,1.0000000000e+00
4.4060543046e+01,1.0000000000e+00
3.6717119205e+01,1.0000000000e+00
2.9373695364e+01,1.0000000000e+00
2.2030271523e+01,1.0000000000e+00
1.4686847682e+01,1.0000000000e+00
7.3434238410e+00,1.0000000000e+00
0.0000000000e+00,9.0000000000e-01
0.0000000000e+00,8.0000000000e-01
0.0000000000e+00,7.0000000000e-01
0.0000000000e+00,6.0000000000e-01
0.0000000000e+00,6.0000000000e-01
0.0000000000e+00,6.0000000000e-01
0.0000000000e+00,6.0000000000e-01
0.0000000000e+00,6.0000000000e-01
0.0000000000e+00,6.0000000000e-01
0.0000000000e+00,6.0000000000e-01
0.0000000000e+00,6.0000000000e-01
0.0000000000e+00,7.0000000000e-01
0.0000000000e+00,8.0000000000e-01
0.0000000000e+00,9.0000000000e-01
1.1950037707e+01,1.0000000000e+00
2.3900075414e+01,1.0000000000e+00
3.5850113121e+01,1.0000000000e+00
5.0814272511e+01,1.0000000000e+00
7.5003408374e+01,1.0000000000e+00
1.0578787123e+02,1.0000000000e+00
1.3782122709e+02,1.0000000000e+00
1.6987626020e+02,1.0000000000e+00
2.0607191089e+02,1.0000000000e+00
2.4651258198e+02,1.0000000000e+00
2.7770497528e+02,1.0000000000e+00
2.7739953002e+02,1.0000000000e+00
2.3335923366e+02,1.0000000000e+00
1.5848410806e+02,1.0000000000e+00
8.5800583220e+01,1.0000000000e+00
4.6762626710e+01,1.0000000000e+00
5.2788596254e+01,1.0000000000e+00
9.3504163545e+01,1.0000000000e+00
1.4770126796e+02,1.0000000000e+00
1.9629443994e+02,1.0000000000e+00
2.2999039400e+02,1.0000000000e+00
2.4886524912e+02,1.0000000000e+00
2.5625726777e+02,1.0000000000e+00
2.5356859845e+02,1.0000000000e+00
2.4040319580e+02,1.0000000000e+00
2.1799053538e+02,1.0000000000e+00
1.9073185263e+02,1.0000000000e+00
1.6404424029e+02,1.0000000000e+00
1.4129383396e+02,1.0000000000e+00
1.2255710600e+02,1.0000000000e+00
1.0540202780e+02,1.0000000000e+00
8.7119887473e+01,1.0000000000e+00
6.7237884656e+01,1.0000000000e+00
5.7632472562e+01,1.0000000000e+00
4.8027060468e+01,1.0000000000e+00
3.8421648375e+01,1.0000000000e+00
2.8816236281e+01,1.0000000000e+00
2.5338841439e+01,1.0000000000e+00
3.8008262159e+01,1.0000000000e+00
5.5999333015e+01,1.0000000000e+00
7.8635149139e+01,1.0000000000e+00
1.0189197316e+02,1.0000000000e+00
1.2048549788e+02,1.0000000000e+00
1.3116198685e+02,1.0000000000e+00
1.3430624762e+02,1.0000000000e+00
1.3251008934e+02,1.0000000000e+00
1.2858873914e+02,1.0000000000e+00
1.2480379804e+02,1.0000000000e+00
1.2306398318e+02,1.0000000000e+00
1.3433437496e+02,1.0000000000e+00
1.4530450788e+02,1.0000000000e+00
1.5597438196e+02,1.0000000000e+00
1.6634399720e+02,1.0000000000e+00
1.7500000000e+02,1.0000000000e+00
1.7346226888e+02,1.0000000000e+00
1.6145831572e+02,1.0000000000e+00
1.4583333333e+02,1.0000000000e+00
1.2772818718e+02,1.0000000000e+00
1.0714287727e+02,1.0000000000e+00
8.4077403596e+01,1.0000000000e+00
5.8531766160e+01,1.0000000000e+00
5.0170085280e+01,1.0000000000e+00
4.1808404400e+01,1.0000000000e+00
3.3446723520e+01,1.0000000000e+00
2.5085042640e+01,1.0000000000e+00
1.6723361760e+01,1.0000000000e+00
8.3616808799e+00,1.0000000000e+00
0.0000000000e+00,9.0000000000e-01
0.0000000000e+00,8.0000000000e-01
0.0000000000e+00,7.0000000000e-01
0.0000000000e+00,6.0000000000e-01
0.0000000000e+00,6.0000000000e-01
0.0000000000e+00,6.0000000000e-01
0.0000000000e+00,6.0000000000e-01
0.0000000000e+00,6.0000000000e-01
0.0000000000e+00,6.0000000000e-01
0.0000000000e+00,6.0000000000e-01
0.0000000000e+00,6.0000000000e-01
0.0000000000e+00,6.0000000000e-01
0.0000000000e+00,6.0000000000e-01
0.0000000000e+00,6.0000000000e-01
0.0000000000e+00,6.0000000000e-01
0.0000000000e+00,6.0000000000e-01
0.0000000000e+00,6.0000000000e-01
0.0000000000e+00,6.0000000000e-01
0.0000000000e+00,6.0000000000e-01
0.0000000000e+00,6.0000000000e-01
0.0000000000e+00,6.0000000000e-01
0.0000000000e+00,6.0000000000e-01
0.0000000000e+00,6.0000000000e-01
0.0000000000e+00,6.0000000000e-01
0.0000000000e+00,6.0000000000e-01
0.0000000000e+00,6.0000000000e-01
0.0000000000e+00,6.0000000000e-01
0.0000000000e+00,6.0000000000e-01
0.0000000000e+00,6.0000000000e-01
0.0000000000e+00,6.0000000000e-01
0.0000000000e+00,6.0000000000e-01
0.0000000000e+00,6.0000000000e-01
0.0000000000e+00,6.0000000000e-01
0.0000000000e+00,6.0000000000e-01
0.0000000000e+00,6.0000000000e-01
0.0000000000e+00,6.0000000000e-01
0.0000000000e+00,6.0000000000e-01
0.0000000000e+00,6.0000000000e-01
0.0000000000e+00,6.0000000000e-01
0.0000000000e+00,6.0000000000e-01
0.0000000000e+00,6.0000000000e-01
0.0000000000e+00,7.0000000000e-01
0.0000000000e+00,8.0000000000e-01
0.0000000000e+00,9.0000000000e-01
1.3886758131e+01,1.0000000000e+00
2.7773516263e+01,1.0000000000e+00
4.1660274394e+01,1.0000000000e+00
7.8249792824e+01,1.0000000000e+00
1.1928053092e+02,1.0000000000e+00
1.5768802066e+02,1.0000000000e+00
1.8894291126e+02,1.0000000000e+00
2.1237608421e+02,1.0000000000e+00
2.2879622820e+02,1.0000000000e+00
2.3731592738e+02,1.0000000000e+00
2.3526296963e+02,1.0000000000e+00
2.2295233731e+02,1.0000000000e+00
2.0974146828e+02,1.0000000000e+00
2.1170275937e+02,1.0000000000e+00
2.3798706632e+02,1.0000000000e+00
2.7975137612e+02,1.0000000000e+00
3.1463563292e+02,1.0000000000e+00
3.2089982108e+02,1.0000000000e+00
2.8899771939e+02,1.0000000000e+00
2.2686258153e+02,1.0000000000e+00
1.5761536162e+02,1.0000000000e+00
1.0717405061e+02,1.0000000000e+00
8.8281109870e+01,1.0000000000e+00
9.5794474575e+01,1.0000000000e+00
1.1693496317e+02,1.0000000000e+00
1.4282356938e+02,1.0000000000e+00
1.6982172022e+02,1.0000000000e+00
1.9479405590e+02,1.0000000000e+00
2.1324090091e+02,1.0000000000e+00
2.2115195460e+02,1.0000000000e+00
2.1680821489e+02,1.0000000000e+00
2.0191133708e+02,1.0000000000e+00
1.8308243105e+02,1.0000000000e+00
1.7205681476e+02,1.0000000000e+00
1.8104785656e+02,1.0000000000e+00
2.1378802541e+02,1.0000000000e+00
2.6036807680e+02,1.0000000000e+00
3.0254564829e+02,1.0000000000e+00
3.2394189894e+02,1.0000000000e+00
3.1557447341e+02,1.0000000000e+00
2.7707169888e+02,1.0000000000e+00
2.1850630667e+02,1.0000000000e+00
1.5993819362e+02,1.0000000000e+00
1.2284895820e+02,1.0000000000e+00
1.1865631165e+02,1.0000000000e+00
1.4568360485e+02,1.0000000000e+00
1.9410288789e+02,1.0000000000e+00
2.4985798958e+02,1.0000000000e+00
2.9779818281e+02,1.0000000000e+00
3.2808849809e+02,1.0000000000e+00
3.4023186301e+02,1.0000000000e+00
3.3897402731e+02,1.0000000000e+00
3.2741434169e+02,1.0000000000e+00
3.0549576901e+02,1.0000000000e+00
2.7490049412e+02,1.0000000000e+00
2.4443412953e+02,1.0000000000e+00
2.2850254740e+02,1.0000000000e+00
2.3722719820e+02,1.0000000000e+00
2.6712871109e+02,1.0000000000e+00
3.0311965588e+02,1.0000000000e+00
3.2964726832e+02,1.0000000000e+00
3.3875738418e+02,1.0000000000e+00
3.2992016040e+02,1.0000000000e+00
3.0736920757e+02,1.0000000000e+00
2.7979965380e+02,1.0000000000e+00
2.5942581790e+02,1.0000000000e+00
2.5619929962e+02,1.0000000000e+00
2.7079152054e+02,1.0000000000e+00
2.9416281314e+02,1.0000000000e+00
3.1471943541e+02,1.0000000000e+00
3.2607322475e+02,1.0000000000e+00
3.2912175643e+02,1.0000000000e+00
3.2850003732e+02,1.0000000000e+00
3.2765723112e+02,1.0000000000e+00
3.2625730905e+02,1.0000000000e+00
3.2109822215e+02,1.0000000000e+00
3.0980388347e+02,1.0000000000e+00
2.9477555204e+02,1.0000000000e+00
2.8342892676e+02,1.0000000000e+00
2.8302137998e+02,1.0000000000e+00
2.9473117320e+02,1.0000000000e+00
3.1326544188e+02,1.0000000000e+00
3.3088258126e+02,1.0000000000e+00
3.3968749095e+02,1.0000000000e+00
3.3134135384e+02,1.0000000000e+00
2.9961799895e+02,1.0000000000e+00
2.4817951459e+02,1.0000000000e+00
1.9633019333e+02,1.0000000000e+00
1.7177862503e+02,1.0000000000e+00
1.9117754695e+02,1.0000000000e+00
2.4596897740e+02,1.0000000000e+00
3.0800765344e+02,1.0000000000e+00
3.4721189788e+02,1.0000000000e+00
3.4412899277e+02,1.0000000000e+00
2.9428121933e+02,1.0000000000e+00
2.1108679909e+02,1.0000000000e+00
1.2505645966e+02,1.0000000000e+00
7.0992512396e+01,1.0000000000e+00
6.8751093301e+01,1.0000000000e+00
1.1416119185e+02,1.0000000000e+00
1.8529269168e+02,1.0000000000e+00
2.5544528138e+02,1.0000000000e+00
3.0487092490e+02,1.0000000000e+00
3.2740493804e+02,1.0000000000e+00
3.2960252029e+02,1.0000000000e+00
3.2352325383e+02,1.0000000000e+00
3.1857907958e+02,1.0000000000e+00
3.1780444043e+02,1.0000000000e+00
3.1947797835e+02,1.0000000000e+00
3.2082785919e+02,1.0000000000e+00
3.2039295529e+02,1.0000000000e+00
3.1832595374e+02,1.0000000000e+00
3.1575166274e+02,1.0000000000e+00
3.1390317650e+02,1.0000000000e+00
3.1322848962e+02,1.0000000000e+00
3.1329911209e+02,1.0000000000e+00
3.1389846062e+02,1.0000000000e+00
3.1559221636e+02,1.0000000000e+00
3.1837614421e+02,1.0000000000e+00
3.2007105658e+02,1.0000000000e+00
3.1683289344e+02,1.0000000000e+00
3.0550982700e+02,1.0000000000e+00
2.8571660636e+02,1.0000000000e+00
2.5971072978e+02,1.0000000000e+00
2.2985590156e+02,1.0000000000e+00
1.9644117951e+02,1.0000000000e+00
1.5911959250e+02,1.0000000000e+00
1.2030132484e+02,1.0000000000e+00
8.5301867464e+01,1.0000000000e+00
5.8682013621e+01,1.0000000000e+00
5.0298868818e+01,1.0000000000e+00
4.1915724015e+01,1.0000000000e+00
3.3532579212e+01,1.0000000000e+00
2.5149434409e+01,1.0000000000e+00
1.6766289606e+01,1.0000000000e+00
8.3831448030e+00,1.0000000000e+00
0.0000000000e+00,9.0000000000e-01
0.0000000000e+00,8.0000000000e-01
0.0000000000e+00,7.0000000000e-01
0.0000000000e+00,6.0000000000e-01
0.0000000000e+00,6.0000000000e-01
0.0000000000e+00,6.0000000000e-01
0.0000000000e+00,6.0000000000e-01
0.0000000000e+00,6.0000000000e-01
0.0000000000e+00,6.0000000000e-01
0.0000000000e+00,6.0000000000e-01
0.0000000000e+00,6.0000000000e-01
0.0000000000e+00,6.0000000000e-01
0.0000000000e+00,6.0000000000e-01
0.0000000000e+00,6.0000000000e-01
0.0000000000e+00,6.0000000000e-01
0.0000000000e+00,6.0000000000e-01
0.0000000000e+00,6.0000000000e-01
0.0000000000e+00,6.0000000000e-01
0.0000000000e+00,6.0000000000e-01
0.0000000000e+00,6.0000000000e-01
0.0000000000e+00,6.0000000000e-01
0.0000000000e+00,7.0000000000e-01
0.0000000000e+00,8.0000000000e-01
0.0000000000e+00,9.0000000000e-01
2.5682370274e+01,1.0000000000e+00
5.1364740549e+01,1.0000000000e+00
7.7047110823e+01,1.0000000000e+00
1.6127186611e+02,1.0000000000e+00
2.4619959502e+02,1.0000000000e+00
3.0801484252e+02,1.0000000000e+00
3.3696916962e+02,1.0000000000e+00
3.3997207294e+02,1.0000000000e+00
3.3145094802e+02,1.0000000000e+00
3.2307449467e+02,1.0000000000e+00
3.1957117455e+02,1.0000000000e+00
3.2019517334e+02,1.0000000000e+00
3.2215752765e+02,1.0000000000e+00
3.2325830524e+02,1.0000000000e+00
3.2293232833e+02,1.0000000000e+00
3.2211948063e+02,1.0000000000e+00
3.2248712496e+02,1.0000000000e+00
3.2519309488e+02,1.0000000000e+00
3.2935557193e+02,1.0000000000e+00
3.3099709389e+02,1.0000000000e+00
3.2395544496e+02,1.0000000000e+00
3.0388779214e+02,1.0000000000e+00
2.7374050278e+02,1.0000000000e+00
2.4495534450e+02,1.0000000000e+00
2.2999644677e+02,1.0000000000e+00
2.3252929722e+02,1.0000000000e+00
2.4659649700e+02,1.0000000000e+00
2.6234136877e+02,1.0000000000e+00
2.6740384665e+02,1.0000000000e+00
2.4795029964e+02,1.0000000000e+00
1.9896868591e+02,1.0000000000e+00
1.3458175136e+02,1.0000000000e+00
8.1976523955e+01,1.0000000000e+00
6.1891085235e+01,1.0000000000e+00
7.5061735840e+01,1.0000000000e+00
1.0631185200e+02,1.0000000000e+00
1.3838522276e+02,1.0000000000e+00
1.6129185167e+02,1.0000000000e+00
1.7321797251e+02,1.0000000000e+00
1.7736390928e+02,1.0000000000e+00
1.7778399742e+02,1.0000000000e+00
1.7588796550e+02,1.0000000000e+00
1.7110554381e+02,1.0000000000e+00
1.6658864383e+02,1.0000000000e+00
1.7230340388e+02,1.0000000000e+00
1.9708125359e+02,1.0000000000e+00
2.3651369211e+02,1.0000000000e+00
2.7383374606e+02,1.0000000000e+00
2.9424437286e+02,1.0000000000e+00
2.9327456229e+02,1.0000000000e+00
2.7106050269e+02,1.0000000000e+00
2.2752735811e+02,1.0000000000e+00
1.6833310797e+02,1.0000000000e+00
1.1093288743e+02,1.0000000000e+00
7.9878745811e+01,1.0000000000e+00
9.3319328923e+01,1.0000000000e+00
1.4959970311e+02,1.0000000000e+00
2.2566756211e+02,1.0000000000e+00
2.9196590304e+02,1.0000000000e+00
3.3127411225e+02,1.0000000000e+00
3.4457037416e+02,1.0000000000e+00
3.4211516665e+02,1.0000000000e+00
3.3149644824e+02,1.0000000000e+00
3.1335925482e+02,1.0000000000e+00
2.8658070619e+02,1.0000000000e+00
2.5655557770e+02,1.0000000000e+00
2.3656206541e+02,1.0000000000e+00
2.3768169171e+02,1.0000000000e+00
2.5731960288e+02,1.0000000000e+00
2.8138751313e+02,1.0000000000e+00
2.9819839258e+02,1.0000000000e+00
3.0668587622e+02,1.0000000000e+00
3.1090213305e+02,1.0000000000e+00
3.1062751332e+02,1.0000000000e+00
3.0030308523e+02,1.0000000000e+00
2.7722828500e+02,1.0000000000e+00
2.4911830219e+02,1.0000000000e+00
2.3060906394e+02,1.0000000000e+00
2.3083940413e+02,1.0000000000e+00
2.4622123717e+02,1.0000000000e+00
2.6596154268e+02,1.0000000000e+00
2.8226598773e+02,1.0000000000e+00
2.9402148260e+02,1.0000000000e+00
3.0177875307e+02,1.0000000000e+00
3.0124061186e+02,1.0000000000e+00
2.8402309229e+02,1.0000000000e+00
2.4643693154e+02,1.0000000000e+00
1.9793862455e+02,1.0000000000e+00
1.5932881851e+02,1.0000000000e+00
1.4926231362e+02,1.0000000000e+00
1.7070841273e+02,1.0000000000e+00
2.1006800789e+02,1.0000000000e+00
2.4756370166e+02,1.0000000000e+00
2.6836276278e+02,1.0000000000e+00
2.6798456013e+02,1.0000000000e+00
2.5163291950e+02,1.0000000000e+00
2.2965179043e+02,1.0000000000e+00
2.1282755778e+02,1.0000000000e+00
2.1014245521e+02,1.0000000000e+00
2.2645121390e+02,1.0000000000e+00
2.5808145881e+02,1.0000000000e+00
2.9270707721e+02,1.0000000000e+00
3.1771362695e+02,1.0000000000e+00
3.2860479906e+02,1.0000000000e+00
3.2904066580e+02,1.0000000000e+00
3.2543999356e+02,1.0000000000e+00
3.2258276269e+02,1.0000000000e+00
3.2222431555e+02,1.0000000000e+00
3.2362841411e+02,1.0000000000e+00
3.2468052349e+02,1.0000000000e+00
3.2301393565e+02,1.0000000000e+00
3.1723170232e+02,1.0000000000e+00
3.0815778196e+02,1.0000000000e+00
2.9915834397e+02,1.0000000000e+00
2.9439442888e+02,1.0000000000e+00
2.9586327868e+02,1.0000000000e+00
3.0191408797e+02,1.0000000000e+00
3.0838961819e+02,1.0000000000e+00
3.1108456886e+02,1.0000000000e+00
3.0792983252e+02,1.0000000000e+00
2.9992591323e+02,1.0000000000e+00
2.9049952202e+02,1.0000000000e+00
2.8379564801e+02,1.0000000000e+00
2.8279088626e+02,1.0000000000e+00
2.8805252174e+02,1.0000000000e+00
2.9739324298e+02,1.0000000000e+00
3.0616477362e+02,1.0000000000e+00
3.0858075924e+02,1.0000000000e+00
3.0024738826e+02,1.0000000000e+00
2.8011984966e+02,1.0000000000e+00
2.5021440855e+02,1.0000000000e+00
2.1418561243e+02,1.0000000000e+00
1.7656683746e+02,1.0000000000e+00
1.4198611043e+02,1.0000000000e+00
1.1304565425e+02,1.0000000000e+00
8.8718182670e+01,1.0000000000e+00
6.6186674247e+01,1.0000000000e+00
5.6731435069e+01,1.0000000000e+00
4.7276195891e+01,1.0000000000e+00
3.7820956713e+01,1.0000000000e+00
2.8365717534e+01,1.0000000000e+00
1.8910478356e+01,1.0000000000e+00
9.4552391781e+00,1.0000000000e+00
0.0000000000e+00,9.0000000000e-01
0.0000000000e+00,8.0000000000e-01
0.0000000000e+00,7.0000000000e-01
0.0000000000e+00,6.0000000000e-01
0.0000000000e+00,6.0000000000e-01
0.0000000000e+00,6.0000000000e-01
0.0000000000e+00,6.0000000000e-01
0.0000000000e+00,6.0000000000e-01
0.0000000000e+00,6.0000000000e-01
0.0000000000e+00,6.0000000000e-01
0.0000000000e+00,6.0000000000e-01
0.0000000000e+00,6.0000000000e-01
0.0000000000e+00,6.0000000000e-01
0.0000000000e+00,6.0000000000e-01
0.0000000000e+00,7.0000000000e-01
0.0000000000e+00,8.0000000000e-01
0.0000000000e+00,9.0000000000e-01
2.9854020273e+01,1.0000000000e+00
5.9708040546e+01,1.0000000000e+00
8.9562060820e+01,1.0000000000e+00
1.6281231454e+02,1.0000000000e+00
2.3794456320e+02,1.0000000000e+00
2.9827462613e+02,1.0000000000e+00
3.3403221212e+02,1.0000000000e+00
3.4444345325e+02,1.0000000000e+00
3.3339560835e+02,1.0000000000e+00
3.0545854753e+02,1.0000000000e+00
2.6675339328e+02,1.0000000000e+00
2.2686640553e+02,1.0000000000e+00
1.9755565691e+02,1.0000000000e+00
1.9004555713e+02,1.0000000000e+00
2.1110990337e+02,1.0000000000e+00
2.5633391219e+02,1.0000000000e+00
3.0739838490e+02,1.0000000000e+00
3.3977003728e+02,1.0000000000e+00
3.3434597148e+02,1.0000000000e+00
2.8573968309e+02,1.0000000000e+00
2.0732574732e+02,1.0000000000e+00
1.2981451244e+02,1.0000000000e+00
8.7075181884e+01,1.0000000000e+00
9.5710882294e+01,1.0000000000e+00
1.4640557659e+02,1.0000000000e+00
2.1400613430e+02,1.0000000000e+00
2.7442476935e+02,1.0000000000e+00
3.1484717074e+02,1.0000000000e+00
3.3425117254e+02,1.0000000000e+00
3.3767603656e+02,1.0000000000e+00
3.2966663523e+02,1.0000000000e+00
3.1230787840e+02,1.0000000000e+00
2.8898403551e+02,1.0000000000e+00
2.6847068472e+02,1.0000000000e+00
2.6195270268e+02,1.0000000000e+00
2.7360730746e+02,1.0000000000e+00
2.9583765118e+02,1.0000000000e+00
3.1594728456e+02,1.0000000000e+00
3.2641420024e+02,1.0000000000e+00
3.2828040296e+02,1.0000000000e+00
3.2719534700e+02,1.0000000000e+00
3.2764284606e+02,1.0000000000e+00
3.2925075297e+02,1.0000000000e+00
3.2646538583e+02,1.0000000000e+00
3.1167747426e+02,1.0000000000e+00
2.8058177402e+02,1.0000000000e+00
2.3662273137e+02,1.0000000000e+00
1.9072205622e+02,1.0000000000e+00
1.5501785570e+02,1.0000000000e+00
1.3453785644e+02,1.0000000000e+00
1.2411590048e+02,1.0000000000e+00
1.1387050460e+02,1.0000000000e+00
9.7862082312e+01,1.0000000000e+00
7.7461906671e+01,1.0000000000e+00
5.7480804826e+01,1.0000000000e+00
4.9269261279e+01,1.0000000000e+00
4.1057717733e+01,1.0000000000e+00
3.2846174186e+01,1.0000000000e+00
2.4634630640e+01,1.0000000000e+00
1.6423087093e+01,1.0000000000e+00
8.2115435466e+00,1.0000000000e+00
0.0000000000e+00,1.0000000000e+00
0.0000000000e+00,1.0000000000e+00
0.0000000000e+00,1.0000000000e+00
1.7379220790e+01,1.0000000000e+00
3.4758441580e+01,1.0000000000e+00
5.2137662371e+01,1.0000000000e+00
1.0007070533e+02,1.0000000000e+00
1.5472266348e+02,1.0000000000e+00
2.0313920655e+02,1.0000000000e+00
2.3248085406e+02,1.0000000000e+00
2.3371134477e+02,1.0000000000e+00
2.0705565894e+02,1.0000000000e+00
1.6496492282e+02,1.0000000000e+00
1.2782449403e+02,1.0000000000e+00
1.1418183279e+02,1.0000000000e+00
1.3171267898e+02,1.0000000000e+00
1.7475047654e+02,1.0000000000e+00
2.2912796389e+02,1.0000000000e+00
2.7933654654e+02,1.0000000000e+00
3.1418533738e+02,1.0000000000e+00
3.3037011389e+02,1.0000000000e+00
3.3227649366e+02,1.0000000000e+00
3.2758229400e+02,1.0000000000e+00
3.2244630639e+02,1.0000000000e+00
3.1974410261e+02,1.0000000000e+00
3.2002275977e+02,1.0000000000e+00
3.2291081413e+02,1.0000000000e+00
3.2734444067e+02,1.0000000000e+00
3.3064418811e+02,1.0000000000e+00
3.2799198320e+02,1.0000000000e+00
3.1418866422e+02,1.0000000000e+00
2.8770475970e+02,1.0000000000e+00
2.5378448986e+02,1.0000000000e+00
2.2258043903e+02,1.0000000000e+00
2.0211318652e+02,1.0000000000e+00
1.9176552691e+02,1.0000000000e+00
1.8368543037e+02,1.0000000000e+00
1.7111669490e+02,1.0000000000e+00
1.5385484393e+02,1.0000000000e+00
1.3613375656e+02,1.0000000000e+00
1.2179504254e+02,1.0000000000e+00
1.1135805771e+02,1.0000000000e+00
1.0181974003e+02,1.0000000000e+00
8.9042333499e+01,1.0000000000e+00
7.1136202045e+01,1.0000000000e+00
6.0973887467e+01,1.0000000000e+00
5.0811572889e+01,1.0000000000e+00
4.0649258311e+01,1.0000000000e+00
3.0486943734e+01,1.0000000000e+00
2.0324629156e+01,1.0000000000e+00
1.0162314578e+01,1.0000000000e+00
0.0000000000e+00,9.0000000000e-01
0.0000000000e+00,8.0000000000e-01
0.0000000000e+00,7.0000000000e-01
0.0000000000e+00,6.0000000000e-01
0.0000000000e+00,6.0000000000e-01
0.0000000000e+00,6.0000000000e-01
0.0000000000e+00,6.0000000000e-01
0.0000000000e+00,6.0000000000e-01
0.0000000000e+00,6.0000000000e-01
0.0000000000e+00,6.0000000000e-01
0.0000000000e+00,7.0000000000e-01
0.0000000000e+00,8.0000000000e-01
0.0000000000e+00,9.0000000000e-01
1.2769642353e+01,1.0000000000e+00
2.5539284705e+01,1.0000000000e+00
3.8308927058e+01,1.0000000000e+00
5.2753532355e+01,1.0000000000e+00
6.9670108398e+01,1.0000000000e+00
8.9894699242e+01,1.0000000000e+00
1.1603000527e+02,1.0000000000e+00
1.5160607234e+02,1.0000000000e+00
1.9650529977e+02,1.0000000000e+00
2.4414404338e+02,1.0000000000e+00
2.8432513024e+02,1.0000000000e+00
3.0905331305e+02,1.0000000000e+00
3.1675632528e+02,1.0000000000e+00
3.1277212605e+02,1.0000000000e+00
3.0615238835e+02,1.0000000000e+00
3.0410853169e+02,1.0000000000e+00
3.0702974050e+02,1.0000000000e+00
3.0800661425e+02,1.0000000000e+00
2.9805013474e+02,1.0000000000e+00
2.7287044287e+02,1.0000000000e+00
2.3532172855e+02,1.0000000000e+00
1.9197379194e+02,1.0000000000e+00
1.4838335346e+02,1.0000000000e+00
1.0822245929e+02,1.0000000000e+00
7.5272375928e+01,1.0000000000e+00
5.3784294067e+01,1.0000000000e+00
4.6847425106e+01,1.0000000000e+00
5.5460293146e+01,1.0000000000e+00
7.8149870908e+01,1.0000000000e+00
1.0980747222e+02,1.0000000000e+00
1.4171303735e+02,1.0000000000e+00
1.6503862132e+02,1.0000000000e+00
1.7554447425e+02,1.0000000000e+00
1.7482457035e+02,1.0000000000e+00
1.6667641647e+02,1.0000000000e+00
1.5269093537e+02,1.0000000000e+00
1.3319907943e+02,1.0000000000e+00
1.1325076076e+02,1.0000000000e+00
1.0477778175e+02,1.0000000000e+00
1.1918826054e+02,1.0000000000e+00
1.5684668396e+02,1.0000000000e+00
2.0480397756e+02,1.0000000000e+00
2.4551418700e+02,1.0000000000e+00
2.6772715454e+02,1.0000000000e+00
2.7035876975e+02,1.0000000000e+00
2.5961206901e+02,1.0000000000e+00
2.4442996556e+02,1.0000000000e+00
2.3208339904e+02,1.0000000000e+00
2.2434679612e+02,1.0000000000e+00
2.1713259928e+02,1.0000000000e+00
2.0474366754e+02,1.0000000000e+00
1.8451692597e+02,1.0000000000e+00
1.5772551937e+02,1.0000000000e+00
1.2797483234e+02,1.0000000000e+00
9.9609953404e+01,1.0000000000e+00
7.5993025214e+01,1.0000000000e+00
5.7998139391e+01,1.0000000000e+00
4.9712690906e+01,1.0000000000e+00
4.1427242422e+01,1.0000000000e+00
3.3141793937e+01,1.0000000000e+00
2.4856345453e+01,1.0000000000e+00
1.6570896969e+01,1.0000000000e+00
8.2854484844e+00,1.0000000000e+00
0.0000000000e+00,9.0000000000e-01
0.0000000000e+00,8.0000000000e-01
0.0000000000e+00,7.0000000000e-01
0.0000000000e+00,6.0000000000e-01
0.0000000000e+00,6.0000000000e-01
0.0000000000e+00,6.0000000000e-01
0.0000000000e+00,6.0000000000e-01
0.0000000000e+00,6.0000000000e-01
0.0000000000e+00,6.0000000000e-01
0.0000000000e+00,6.0000000000e-01
0.0000000000e+00,6.0000000000e-01
0.0000000000e+00,6.0000000000e-01
0.0000000000e+00,6.0000000000e-01
0.0000000000e+00,6.0000000000e-01
0.0000000000e+00,6.0000000000e-01
0.0000000000e+00,6.0000000000e-01
0.0000000000e+00,6.0000000000e-01
0.0000000000e+00,6.0000000000e-01
0.0000000000e+00,6.0000000000e-01
0.0000000000e+00,6.0000000000e-01
0.0000000000e+00,6.0000000000e-01
0.0000000000e+00,6.0000000000e-01
0.0000000000e+00,6.0000000000e-01
0.0000000000e+00,6.0000000000e-01
0.0000000000e+00,6.0000000000e-01
0.0000000000e+00,7.0000000000e-01
0.0000000000e+00,8.0000000000e-01
0.0000000000e+00,9.0000000000e-01
2.7165758724e+01,1.0000000000e+00
5.4331517449e+01,1.0000000000e+00
8.1497276173e+01,1.0000000000e+00
1.4292509604e+02,1.0000000000e+00
2.0289057115e+02,1.0000000000e+00
2.5271906692e+02,1.0000000000e+00
2.8716891682e+02,1.0000000000e+00
2.9965455698e+02,1.0000000000e+00
2.8180104525e+02,1.0000000000e+00
2.3053117079e+02,1.0000000000e+00
1.5689592384e+02,1.0000000000e+00
8.6142887723e+01,1.0000000000e+00
4.4771533507e+01,1.0000000000e+00
4.4589253628e+01,1.0000000000e+00
7.8183025925e+01,1.0000000000e+00
1.2739609362e+02,1.0000000000e+00
1.7398979164e+02,1.0000000000e+00
2.0431845470e+02,1.0000000000e+00
2.0933955112e+02,1.0000000000e+00
1.8525103146e+02,1.0000000000e+00
1.3726944627e+02,1.0000000000e+00
8.3001587642e+01,1.0000000000e+00
4.8246230347e+01,1.0000000000e+00
5.3902149004e+01,1.0000000000e+00
1.0319668141e+02,1.0000000000e+00
1.7943902931e+02,1.0000000000e+00
2.5548091010e+02,1.0000000000e+00
3.0837312137e+02,1.0000000000e+00
3.2971597647e+02,1.0000000000e+00
3.2455176196e+02,1.0000000000e+00
3.0117907865e+02,1.0000000000e+00
2.6309579543e+02,1.0000000000e+00
2.1148728870e+02,1.0000000000e+00
1.5382390087e+02,1.0000000000e+00
1.0658584495e+02,1.0000000000e+00
8.7577536644e+01,1.0000000000e+00
1.0431946288e+02,1.0000000000e+00
1.4791747660e+02,1.0000000000e+00
1.9820233624e+02,1.0000000000e+00
2.3714120288e+02,1.0000000000e+00
2.5897405469e+02,1.0000000000e+00
2.6884825006e+02,1.0000000000e+00
2.7406067614e+02,1.0000000000e+00
2.7780094936e+02,1.0000000000e+00
2.7956545045e+02,1.0000000000e+00
2.7846383179e+02,1.0000000000e+00
2.7446502640e+02,1.0000000000e+00
2.6759777631e+02,1.0000000000e+00
2.5843560349e+02,1.0000000000e+00
2.4991090177e+02,1.0000000000e+00
2.4659661396e+02,1.0000000000e+00
2.5067297567e+02,1.0000000000e+00
2.5879278861e+02,1.0000000000e+00
2.6357375333e+02,1.0000000000e+00
2.5962835452e+02,1.0000000000e+00
2.4968204227e+02,1.0000000000e+00
2.4404879392e+02,1.0000000000e+00
2.5203137877e+02,1.0000000000e+00
2.7344738950e+02,1.0000000000e+00
2.9927893762e+02,1.0000000000e+00
3.1904217286e+02,1.0000000000e+00
3.2476486454e+02,1.0000000000e+00
3.0924449218e+02,1.0000000000e+00
2.6675108745e+02,1.0000000000e+00
2.0096020817e+02,1.0000000000e+00
1.3215769046e+02,1.0000000000e+00
9.1306830748e+01,1.0000000000e+00
1.0077266310e+02,1.0000000000e+00
1.5735530783e+02,1.0000000000e+00
2.3357633599e+02,1.0000000000e+00
2.9699592180e+02,1.0000000000e+00
3.3101836170e+02,1.0000000000e+00
3.4037755673e+02,1.0000000000e+00
3.4008807584e+02,1.0000000000e+00
3.3997372933e+02,1.0000000000e+00
3.3638733933e+02,1.0000000000e+00
3.1558865153e+02,1.0000000000e+00
2.6698872930e+02,1.0000000000e+00
1.9774318958e+02,1.0000000000e+00
1.3484250770e+02,1.0000000000e+00
1.0800277290e+02,1.0000000000e+00
1.2686334632e+02,1.0000000000e+00
1.7504031810e+02,1.0000000000e+00
2.2576861693e+02,1.0000000000e+00
2.6140658343e+02,1.0000000000e+00
2.7926770041e+02,1.0000000000e+00
2.8373065837e+02,1.0000000000e+00
2.7631356249e+02,1.0000000000e+00
2.5291046663e+02,1.0000000000e+00
2.0942181298e+02,1.0000000000e+00
1.5045853162e+02,1.0000000000e+00
9.1784801071e+01,1.0000000000e+00
5.1399649491e+01,1.0000000000e+00
3.7321622707e+01,1.0000000000e+00
4.5416038154e+01,1.0000000000e+00
6.8098864161e+01,1.0000000000e+00
1.0171807494e+02,1.0000000000e+00
1.4443109656e+02,1.0000000000e+00
1.8987522658e+02,1.0000000000e+00
2.2654553694e+02,1.0000000000e+00
2.4446113046e+02,1.0000000000e+00
2.4174846619e+02,1.0000000000e+00
2.2469064543e+02,1.0000000000e+00
2.0222571185e+02,1.0000000000e+00
1.8036524763e+02,1.0000000000e+00
1.6031559804e+02,1.0000000000e+00
1.4008445636e+02,1.0000000000e+00
1.1731139271e+02,1.0000000000e+00
9.1457007902e+01,1.0000000000e+00
6.4426548328e+01,1.0000000000e+00
5.5222755710e+01,1.0000000000e+00
4.6018963091e+01,1.0000000000e+00
3.6815170473e+01,1.0000000000e+00
2.7611377855e+01,1.0000000000e+00
1.8407585237e+01,1.0000000000e+00
9.2037926183e+00,1.0000000000e+00
0.0000000000e+00,9.0000000000e-01
0.0000000000e+00,8.0000000000e-01
0.0000000000e+00,7.0000000000e-01
0.0000000000e+00,6.0000000000e-01
0.0000000000e+00,6.0000000000e-01
0.0000000000e+00,6.0000000000e-01
0.0000000000e+00,6.0000000000e-01
0.0000000000e+00,6.0000000000e-01
0.0000000000e+00,6.0000000000e-01
0.0000000000e+00,6.0000000000e-01
0.0000000000e+00,6.0000000000e-01
0.0000000000e+00,7.0000000000e-01
0.0000000000e+00,8.0000000000e-01
0.0000000000e+00,9.0000000000e-01
1.7246042246e+01,1.0000000000e+00
3.4492084492e+01,1.0000000000e+00
5.1738126738e+01,1.0000000000e+00
9.0065836274e+01,1.0000000000e+00
1.3268698936e+02,1.0000000000e+00
1.7323612664e+02,1.0000000000e+00
2.0554646767e+02,1.0000000000e+00
2.2707817308e+02,1.0000000000e+00
2.4049154816e+02,1.0000000000e+00
2.5071304981e+02,1.0000000000e+00
2.6090880417e+02,1.0000000000e+00
2.7178631046e+02,1.0000000000e+00
2.8348898913e+02,1.0000000000e+00
2.9660283317e+02,1.0000000000e+00
3.1120622496e+02,1.0000000000e+00
3.2547873831e+02,1.0000000000e+00
3.3494051979e+02,1.0000000000e+00
3.3253053669e+02,1.0000000000e+00
3.1076855943e+02,1.0000000000e+00
2.6678113520e+02,1.0000000000e+00
2.0702009957e+02,1.0000000000e+00
1.4731752829e+02,1.0000000000e+00
1.0800287244e+02,1.0000000000e+00
1.0558687806e+02,1.0000000000e+00
1.4285458980e+02,1.0000000000e+00
2.0462242367e+02,1.0000000000e+00
2.6631523544e+02,1.0000000000e+00
3.0929838596e+02,1.0000000000e+00
3.2903589862e+02,1.0000000000e+00
3.3171195739e+02,1.0000000000e+00
3.2641023399e+02,1.0000000000e+00
3.1997169854e+02,1.0000000000e+00
3.1590021233e+02,1.0000000000e+00
3.1521926175e+02,1.0000000000e+00
3.1728937981e+02,1.0000000000e+00
3.2039341039e+02,1.0000000000e+00
3.2254795499e+02,1.0000000000e+00
3.2211048719e+02,1.0000000000e+00
3.1783651962e+02,1.0000000000e+00
3.0904852956e+02,1.0000000000e+00
2.9619790964e+02,1.0000000000e+00
2.8099699168e+02,1.0000000000e+00
2.6529683305e+02,1.0000000000e+00
2.4880767143e+02,1.0000000000e+00
2.2763060988e+02,1.0000000000e+00
1.9660759683e+02,1.0000000000e+00
1.5474404032e+02,1.0000000000e+00
1.0798723592e+02,1.0000000000e+00
6.5856686281e+01,1.0000000000e+00
5.6448588241e+01,1.0000000000e+00
4.7040490201e+01,1.0000000000e+00
3.7632392160e+01,1.0000000000e+00
2.8224294120e+01,1.0000000000e+00
1.8816196080e+01,1.0000000000e+00
9.4080980401e+00,1.0000000000e+00
0.0000000000e+00,1.0000000000e+00
0.0000000000e+00,1.0000000000e+00
0.0000000000e+00,1.0000000000e+00
0.0000000000e+00,1.0000000000e+00
0.0000000000e+00,1.0000000000e+00
0.0000000000e+00,1.0000000000e+00
0.0000000000e+00,1.0000000000e+00
0.0000000000e+00,1.0000000000e+00
0.0000000000e+00,1.0000000000e+00
0.0000000000e+00,1.0000000000e+00
0.0000000000e+00,1.0000000000e+00
0.0000000000e+00,1.0000000000e+00
0.0000000000e+00,1.0000000000e+00
