0,0,0
0.00167,-0.010588,-0.001082
0.003086,-0.015481,-0.000677
0.004272,-0.016198,0.000669
0.005257,-0.01426,0.002409
0.006066,-0.011185,0.003999
0.008095,-0.008116,0.006091
0.011457,-0.005414,0.008398
0.015945,-0.003243,0.010397
0.021349,-0.001767,0.011565
0.027461,-0.001152,0.011378
0.034075,-0.001561,0.009314
0.040981,-0.003161,0.00485
0.047972,-0.006115,-0.002538
0.05484,-0.010587,-0.013373
0.060861,-0.015479,-0.024331
0.06557,-0.020661,-0.034829
0.068567,-0.026247,-0.044969
0.06945,-0.032353,-0.054852
0.067819,-0.039093,-0.064579
0.063274,-0.046582,-0.074252
0.055412,-0.054934,-0.083973
0.043834,-0.064263,-0.093843
0.028139,-0.074686,-0.103963
0.012066,-0.084363,-0.110969
-0.003291,-0.092722,-0.114505
-0.017502,-0.099502,-0.114964
-0.030135,-0.104445,-0.112743
-0.040761,-0.107291,-0.108235
-0.048949,-0.107781,-0.101836
-0.054268,-0.105657,-0.093939
-0.056287,-0.100659,-0.084941
-0.054576,-0.092527,-0.075235
-0.051634,-0.0842,-0.067916
-0.04803,-0.076223,-0.062974
-0.043849,-0.068548,-0.059625
-0.039177,-0.061122,-0.057085
-0.034098,-0.053897,-0.054568
-0.028698,-0.046821,-0.051289
-0.023062,-0.039845,-0.046464
-0.017276,-0.032917,-0.039308
-0.011425,-0.025988,-0.029037
-0.00525,-0.022378,-0.018925
0.00118,-0.02183,-0.009394
0.007714,-0.023197,-0.000151
0.0142,-0.025329,0.009097
0.020488,-0.027077,0.018643
0.026426,-0.027293,0.028781
0.031863,-0.024827,0.039802
0.036648,-0.018531,0.052
0.04063,-0.007254,0.065667
0.043629,0.002981,0.079859
0.045712,0.011246,0.094098
0.047009,0.017882,0.108029
0.047651,0.023232,0.121293
0.047767,0.027639,0.133533
0.047486,0.031446,0.144391
0.046938,0.034993,0.153509
0.046254,0.038625,0.160531
0.045562,0.042684,0.165099
0.043573,0.046791,0.168419
0.040409,0.050733,0.170625
0.036541,0.054337,0.171578
0.032441,0.057432,0.171141
0.028582,0.059844,0.169177
0.025437,0.0614,0.165549
0.023478,0.061929,0.16012
0.023178,0.061257,0.152752
0.025009,0.059211,0.143308
0.025861,0.05447,0.130856
0.025411,0.047352,0.115945
0.024032,0.038585,0.099493
0.022097,0.028898,0.082416
0.019979,0.01902,0.065632
0.018051,0.009679,0.05006
0.016685,0.001605,0.036616
0.016255,-0.004474,0.026219
0.017134,-0.00783,0.019786
0.019353,-0.01147,0.014375
0.022567,-0.015723,0.009205
0.026337,-0.02025,0.004039
0.030223,-0.024707,-0.001362
0.033785,-0.028755,-0.007237
0.036584,-0.032053,-0.013825
0.03818,-0.034259,-0.021365
0.038133,-0.035032,-0.030095
0.036004,-0.034031,-0.040254
0.034059,-0.031688,-0.049198
0.032687,-0.028,-0.056443
0.03181,-0.022851,-0.062049
0.03135,-0.016127,-0.066075
0.031228,-0.007713,-0.06858
0.031367,0.002505,-0.069621
0.031689,0.014641,-0.069259
0.032113,0.028809,-0.067551
0.032564,0.045125,-0.064557
0.032164,0.056853,-0.060959
0.030911,0.063414,-0.057015
0.029019,0.065771,-0.052875
0.026702,0.064885,-0.04869
0.024175,0.061717,-0.044612
0.021652,0.057229,-0.040792
0.019347,0.052383,-0.037379
0.017475,0.04814,-0.034526
0.01625,0.045461,-0.032384
0.015443,0.038266,-0.030412
0.014715,0.026501,-0.028044
0.013701,0.011618,-0.024708
0.012036,-0.004927,-0.019831
0.009353,-0.021683,-0.01284
0.005288,-0.037194,-0.003161
-0.000525,-0.050008,0.009778
-0.008451,-0.058671,0.026549
-0.018857,-0.061729,0.047726
-0.028886,-0.061817,0.06775
-0.037852,-0.060018,0.085429
-0.045607,-0.057028,0.100665
-0.052008,-0.053543,0.113358
-0.056907,-0.05026,0.123409
-0.060161,-0.047874,0.130718
-0.061622,-0.047081,0.135186
-0.061146,-0.048577,0.136714
-0.058587,-0.053059,0.135202
-0.055956,-0.059238,0.132444
-0.053663,-0.066441,0.128959
-0.051718,-0.074145,0.124947
-0.050132,-0.081828,0.120607
-0.048913,-0.088967,0.116139
-0.048073,-0.095042,0.111742
-0.04762,-0.099529,0.107618
-0.047566,-0.101907,0.103964
-0.047919,-0.101653,0.100981
-0.048209,-0.101243,0.099112
-0.048371,-0.101079,0.098212
-0.048445,-0.101047,0.09799
-0.048469,-0.101033,0.098153
-0.048483,-0.100922,0.09841
-0.048525,-0.100599,0.09847
-0.048634,-0.099951,0.09804
-0.04885,-0.098863,0.096829
-0.049211,-0.09722,0.094545
-0.048186,-0.094728,0.090776
-0.045734,-0.090817,0.085774
-0.042186,-0.084845,0.079951
-0.037873,-0.076172,0.073722
-0.033125,-0.064157,0.067503
-0.028274,-0.048159,0.061707
-0.023651,-0.027538,0.05675
-0.019585,-0.001652,0.053046
-0.016409,0.030139,0.051009
-0.014174,0.058168,0.048435
-0.012664,0.080747,0.045215
-0.011599,0.098187,0.041764
-0.010697,0.110796,0.038496
-0.009678,0.118883,0.035828
-0.008259,0.122758,0.034174
-0.006161,0.12273,0.033948
-0.003101,0.119107,0.035566
0.001202,0.1122,0.039443
0.004791,0.108365,0.043061
0.007417,0.107761,0.045869
0.009255,0.108999,0.047811
0.01048,0.110688,0.048831
0.011268,0.111437,0.048869
0.011796,0.109856,0.047871
0.012239,0.104554,0.045777
0.012773,0.094142,0.042532
0.013574,0.077228,0.038078
0.014832,0.058242,0.031858
0.016364,0.038505,0.024163
0.017894,0.018564,0.015497
0.019142,-0.001039,0.006364
0.019833,-0.019757,-0.002733
0.019688,-0.037046,-0.011291
0.018431,-0.052362,-0.018805
0.015785,-0.065159,-0.024773
0.011471,-0.074893,-0.02869
0.008076,-0.080319,-0.031272
0.005844,-0.081689,-0.032733
0.004429,-0.07963,-0.033165
0.003488,-0.074769,-0.032656
0.002679,-0.067733,-0.031297
0.001656,-0.059148,-0.029178
0.000076,-0.049642,-0.02639
-0.002404,-0.03984,-0.023021
-0.006128,-0.03037,-0.019163
-0.008701,-0.023058,-0.015935
-0.009832,-0.018103,-0.013354
-0.009755,-0.015296,-0.011163
-0.008705,-0.014431,-0.009106
-0.006917,-0.0153,-0.006926
-0.004626,-0.017694,-0.004365
-0.002066,-0.021407,-0.001167
0.000528,-0.026231,0.002925
0.002921,-0.031957,0.008168
0.006033,-0.036049,0.015129
0.009838,-0.038281,0.023452
0.014071,-0.039002,0.032551
0.01847,-0.038562,0.04184
0.02277,-0.037313,0.050733
0.026709,-0.035605,0.058643
0.030022,-0.033788,0.064985
0.032446,-0.032212,0.069172
0.033718,-0.031229,0.070618
0.033632,-0.030068,0.071278
0.032462,-0.0288,0.07131
0.030598,-0.027706,0.070419
0.028431,-0.027067,0.068314
0.026354,-0.027163,0.064702
0.024758,-0.028276,0.059289
0.024033,-0.030686,0.051782
0.024571,-0.034673,0.041889
0.026764,-0.040518,0.029318
0.029177,-0.046155,0.015496
0.031467,-0.050698,0.000829
0.033568,-0.053563,-0.014537
0.035413,-0.054162,-0.030455
0.036932,-0.051908,-0.046777
0.03806,-0.046215,-0.063357
0.038728,-0.036496,-0.080047
0.038869,-0.022163,-0.0967
0.038416,-0.002632,-0.113168
0.040549,0.022088,-0.134356
0.045356,0.0505,-0.159323
0.052148,0.08074,-0.18567
0.060236,0.110942,-0.210996
0.068932,0.139239,-0.232901
0.077547,0.163767,-0.248985
0.085393,0.182659,-0.256849
0.091782,0.19405,-0.254091
0.096025,0.196073,-0.238312
0.097593,0.194848,-0.218715
0.096699,0.191683,-0.19787
0.09374,0.186691,-0.176689
0.089115,0.17998,-0.156082
0.08322,0.171661,-0.136963
0.076455,0.161843,-0.120241
0.069216,0.150636,-0.106829
0.061901,0.138151,-0.097639
0.054908,0.124498,-0.093581
0.050637,0.110642,-0.090818
0.048954,0.097116,-0.088468
0.049087,0.084343,-0.086389
0.050269,0.072747,-0.084438
0.05173,0.06275,-0.082472
0.052701,0.054776,-0.080349
0.052412,0.049247,-0.077925
0.050094,0.046587,-0.075059
0.044978,0.047219,-0.071607
0.039658,0.049105,-0.067252
0.034655,0.051667,-0.06213
0.029973,0.054691,-0.056491
0.025613,0.057965,-0.050583
0.02158,0.061274,-0.044655
0.017874,0.064407,-0.038958
0.014501,0.067148,-0.03374
0.011461,0.069285,-0.02925
0.008758,0.070605,-0.025738
0.00676,0.070835,-0.022347
0.005456,0.070059,-0.01907
0.004744,0.068452,-0.016109
0.004521,0.066185,-0.013669
0.004684,0.063433,-0.011954
0.005129,0.060369,-0.011167
0.005754,0.057166,-0.011513
0.006455,0.053998,-0.013195
0.007129,0.051039,-0.016416
0.009079,0.052856,-0.020112
0.012129,0.058882,-0.02388
0.015733,0.067264,-0.027484
0.019345,0.076149,-0.030689
0.022418,0.083685,-0.033258
0.024408,0.08802,-0.034956
0.024766,0.087301,-0.035547
0.022949,0.079675,-0.034794
0.018409,0.06329,-0.032463
0.0133,0.044207,-0.030547
0.00811,0.024107,-0.029302
0.002909,0.003573,-0.028547
-0.002233,-0.016808,-0.028102
-0.007246,-0.036453,-0.027788
-0.01206,-0.054776,-0.027424
-0.016604,-0.071192,-0.02683
-0.020808,-0.085118,-0.025826
-0.024602,-0.095967,-0.024232
-0.028523,-0.105582,-0.021826
-0.032638,-0.114148,-0.018843
-0.036894,-0.121437,-0.015629
-0.041243,-0.127221,-0.012531
-0.045631,-0.131271,-0.009895
-0.050009,-0.133358,-0.008069
-0.054325,-0.133255,-0.007399
-0.058529,-0.130733,-0.008232
-0.062569,-0.125564,-0.010915
-0.066966,-0.118445,-0.01494
-0.071582,-0.109904,-0.020052
-0.076109,-0.100426,-0.026057
-0.080243,-0.090496,-0.032763
-0.083679,-0.080599,-0.039975
-0.08611,-0.07122,-0.047501
-0.087232,-0.062843,-0.055147
-0.086739,-0.055955,-0.06272
-0.084326,-0.051039,-0.070027
-0.080357,-0.042372,-0.078768
-0.075054,-0.029994,-0.088443
-0.068604,-0.015383,-0.098004
-0.061195,-0.00002,-0.106402
-0.053013,0.014616,-0.11259
-0.044246,0.027045,-0.115517
-0.03508,0.035789,-0.114136
-0.025703,0.039367,-0.107397
-0.016302,0.036299,-0.094254
-0.008768,0.03306,-0.079267
-0.003374,0.030713,-0.063725
0.000013,0.028971,-0.048096
0.001527,0.027547,-0.032847
0.001301,0.026154,-0.018447
-0.000532,0.024503,-0.005362
-0.003839,0.022308,0.005938
-0.008487,0.019281,0.014986
-0.014343,0.015134,0.021314
-0.020001,0.011566,0.026593
-0.025138,0.008705,0.031224
-0.029699,0.006291,0.035288
-0.033628,0.00406,0.03887
-0.036871,0.001752,0.042054
-0.039373,-0.000896,0.044921
-0.04108,-0.004146,0.047555
-0.041935,-0.00826,0.05004
-0.041886,-0.013499,0.052458
-0.041099,-0.018393,0.052888
-0.03971,-0.022697,0.051308
-0.037845,-0.026471,0.048169
-0.035631,-0.029778,0.043926
-0.033197,-0.032679,0.03903
-0.030667,-0.035236,0.033935
-0.02817,-0.037509,0.029092
-0.025833,-0.039561,0.024956
-0.023783,-0.041453,0.021978
-0.021671,-0.043711,0.018043
-0.0191,-0.046288,0.013291
-0.015658,-0.048991,0.008429
-0.010936,-0.051629,0.004161
-0.004522,-0.05401,0.001193
0.003995,-0.055944,0.000229
0.015026,-0.057238,0.001974
0.02898,-0.057701,0.007134
0.04627,-0.057141,0.016414
0.062591,-0.056305,0.024807
0.076762,-0.0554,0.031413
0.088386,-0.054497,0.03636
0.097065,-0.053667,0.039773
0.102401,-0.05298,0.041778
0.103996,-0.052509,0.042503
0.101451,-0.052324,0.042074
0.09437,-0.052496,0.040617
0.082354,-0.053098,0.038259
0.069944,-0.053705,0.034879
0.058154,-0.054035,0.031018
0.047112,-0.053841,0.027385
0.036947,-0.052877,0.024688
0.02779,-0.050894,0.023636
0.01977,-0.047646,0.024937
0.013015,-0.042885,0.0293
0.007657,-0.036364,0.037431
0.003823,-0.027837,0.05004
0.000479,-0.01907,0.061962
-0.002331,-0.01068,0.071828
-0.004294,-0.002997,0.079219
-0.005096,0.003649,0.083717
-0.004423,0.00893,0.084903
-0.001962,0.012516,0.082357
0.0026,0.014079,0.075661
0.009578,0.013288,0.064395
0.019285,0.009815,0.048142
0.028337,0.004996,0.032602
0.035975,-0.000654,0.018865
0.0421,-0.006824,0.006865
0.04661,-0.013204,-0.00346
0.049405,-0.019483,-0.012177
0.050383,-0.025351,-0.019348
0.049445,-0.030497,-0.025038
0.046489,-0.034612,-0.029311
0.041414,-0.037385,-0.032232
0.035982,-0.038865,-0.034618
0.030721,-0.039229,-0.03672
0.02585,-0.038682,-0.038647
0.021588,-0.037431,-0.040507
0.018156,-0.035682,-0.042409
0.015772,-0.033642,-0.044463
0.014656,-0.031516,-0.046778
0.015027,-0.02951,-0.049462
0.017105,-0.027832,-0.052624
0.018385,-0.027157,-0.054751
0.018593,-0.027428,-0.055758
0.018013,-0.028409,-0.055919
0.016933,-0.029861,-0.055506
0.015635,-0.031548,-0.054793
0.014407,-0.03323,-0.054053
0.013532,-0.03467,-0.053558
0.013297,-0.035631,-0.053583
0.013985,-0.035874,-0.054399
0.013893,-0.036162,-0.055571
0.012957,-0.036051,-0.056875
0.011526,-0.034794,-0.058143
0.009946,-0.031645,-0.059207
0.008566,-0.025859,-0.0599
0.007734,-0.016689,-0.060052
0.007798,-0.00339,-0.059495
0.009105,0.014785,-0.058062
0.012003,0.038582,-0.055585
0.017734,0.057937,-0.052775
0.025973,0.071391,-0.049304
0.036005,0.079635,-0.044585
0.047115,0.083361,-0.038028
0.058586,0.083258,-0.029044
0.069702,0.08002,-0.017046
0.079748,0.074337,-0.001444
0.088009,0.0669,0.018351
0.093768,0.058401,0.042926
0.095973,0.051624,0.06682
0.094998,0.046755,0.088603
0.091578,0.043333,0.107859
0.086444,0.040895,0.124167
0.08033,0.038981,0.137109
0.073968,0.037127,0.146266
0.068091,0.034871,0.15122
0.063432,0.031752,0.151551
0.060725,0.027308,0.146841
0.056693,0.022624,0.13729
0.05107,0.017735,0.123598
0.044338,0.012416,0.106593
0.036979,0.006441,0.087102
0.029475,-0.000419,0.065952
0.02231,-0.008389,0.04397
0.015966,-0.017695,0.021984
0.010926,-0.028565,0.000819
0.007671,-0.041224,-0.018696
0.006049,-0.051042,-0.035645
0.00564,-0.057353,-0.049825
0.005958,-0.060478,-0.061214
0.00652,-0.060744,-0.069786
0.006841,-0.058473,-0.07552
0.006434,-0.053988,-0.07839
0.004815,-0.047615,-0.078374
0.0015,-0.039675,-0.075447
-0.003997,-0.030495,-0.069586
-0.008309,-0.024522,-0.063458
-0.011004,-0.021859,-0.057721
-0.012381,-0.021522,-0.052536
-0.012738,-0.022527,-0.048061
-0.012377,-0.023889,-0.044456
-0.011595,-0.024623,-0.041879
-0.010693,-0.023746,-0.040489
-0.009971,-0.020272,-0.040445
-0.009728,-0.013219,-0.041907
-0.008632,-0.004218,-0.043361
-0.006676,0.00616,-0.044393
-0.004182,0.017613,-0.044864
-0.001475,0.029841,-0.044637
0.001125,0.04254,-0.043572
0.003293,0.055409,-0.04153
0.004707,0.068145,-0.038374
0.005044,0.080447,-0.033965
0.003981,0.092013,-0.028164
0.003362,0.098813,-0.022765
0.003458,0.100863,-0.018107
0.004147,0.099186,-0.014168
0.005308,0.094808,-0.010924
0.006819,0.088755,-0.008352
0.008559,0.082049,-0.006429
0.010406,0.075718,-0.005133
0.012238,0.070785,-0.004438
0.013933,0.068275,-0.004323
0.013914,0.068913,-0.002569
0.012269,0.071897,0.001011
0.009504,0.076039,0.006095
0.006123,0.080154,0.012361
0.002633,0.083056,0.019488
-0.000462,0.08356,0.027153
-0.002656,0.080478,0.035036
-0.003445,0.072626,0.042815
-0.002322,0.058817,0.050167
-0.002061,0.045972,0.0552
-0.002813,0.035448,0.057823
-0.004074,0.027215,0.058397
-0.005341,0.021242,0.05728
-0.006109,0.017497,0.054833
-0.005874,0.015951,0.051417
-0.004133,0.01657,0.047391
-0.000382,0.019325,0.043116
0.005883,0.024185,0.038951
0.012265,0.027983,0.037216
0.01833,0.030192,0.037318
0.024138,0.030944,0.037931
0.029747,0.030369,0.037733
0.035218,0.0286,0.035401
0.040607,0.025767,0.029612
0.045976,0.022002,0.019042
0.051382,0.017436,0.002367
0.056884,0.012201,-0.021734
0.064316,0.009736,-0.043634
0.073321,0.010058,-0.061838
0.082996,0.012329,-0.076889
0.092438,0.015711,-0.089331
0.100745,0.019366,-0.099704
0.107012,0.022456,-0.108552
0.110338,0.024144,-0.116417
0.109818,0.023591,-0.123842
0.104551,0.01996,-0.131368
0.096902,0.015708,-0.133447
0.087758,0.011645,-0.130014
0.077634,0.00817,-0.122373
0.067046,0.005678,-0.111829
0.056508,0.004569,-0.099687
0.046538,0.005239,-0.087252
0.037649,0.008087,-0.075829
0.030358,0.01351,-0.066721
0.025179,0.021906,-0.061235
0.022461,0.031393,-0.05663
0.021884,0.041203,-0.052397
0.022963,0.05084,-0.048586
0.02521,0.059813,-0.045244
0.02814,0.067629,-0.042421
0.031267,0.073794,-0.040165
0.034105,0.077816,-0.038525
0.036168,0.079201,-0.03755
0.036969,0.077457,-0.037288
0.035934,0.073693,-0.036652
0.033274,0.067594,-0.03543
0.029401,0.058486,-0.033634
0.024725,0.045696,-0.031271
0.019657,0.02855,-0.028354
0.014608,0.006375,-0.02489
0.009988,-0.021501,-0.02089
0.006208,-0.055753,-0.016363
0.003679,-0.097054,-0.01132
0.001689,-0.134932,-0.006818
0.000204,-0.167414,-0.003153
-0.000638,-0.194654,-0.000432
-0.000698,-0.216801,0.001241
0.000159,-0.234009,0.001759
0.002072,-0.24643,0.001016
0.005178,-0.254215,-0.001092
0.009614,-0.257516,-0.004672
0.015519,-0.256486,-0.009829
0.022084,-0.249271,-0.017111
0.028649,-0.236557,-0.026186
0.034588,-0.219663,-0.036503
0.039275,-0.199907,-0.047509
0.042084,-0.17861,-0.058652
0.04239,-0.15709,-0.06938
0.039567,-0.136666,-0.079141
0.032989,-0.118659,-0.087384
0.02203,-0.104386,-0.093555
0.009863,-0.095221,-0.098561
-0.002537,-0.090662,-0.10252
-0.014741,-0.089741,-0.105358
-0.026322,-0.091485,-0.106996
-0.036851,-0.094926,-0.10736
-0.045901,-0.099093,-0.106372
-0.053043,-0.103017,-0.103957
-0.05785,-0.105726,-0.100038
-0.059894,-0.106252,-0.094539
-0.059985,-0.102876,-0.08692
-0.058401,-0.096059,-0.077535
-0.055287,-0.086809,-0.06696
-0.05079,-0.076134,-0.05577
-0.045055,-0.065042,-0.044543
-0.038226,-0.05454,-0.033854
-0.030449,-0.045635,-0.02428
-0.02187,-0.039336,-0.016396
-0.012634,-0.036649,-0.010779
-0.005764,-0.036571,-0.002712
-0.001318,-0.038234,0.007701
0.001385,-0.040808,0.019146
0.003025,-0.04346,0.030312
0.004284,-0.045358,0.039886
0.005843,-0.045673,0.046557
0.008383,-0.043571,0.049012
0.012586,-0.03822,0.04594
0.019133,-0.028791,0.036029
0.02613,-0.021883,0.02339
0.032981,-0.018203,0.009619
0.039414,-0.016984,-0.004319
0.045157,-0.017457,-0.017461
0.049937,-0.018855,-0.02884
0.053484,-0.02041,-0.037493
0.055523,-0.021355,-0.042453
0.055784,-0.020921,-0.042757
0.053995,-0.018342,-0.037439
0.050088,-0.014563,-0.030522
0.044484,-0.010023,-0.023164
0.037725,-0.005034,-0.015806
0.030353,0.000093,-0.008891
0.022911,0.005045,-0.002862
0.015941,0.00951,0.001841
0.009985,0.013178,0.004775
0.005585,0.015736,0.005498
0.003284,0.016873,0.003567
0.001966,0.017414,0.00118
0.001317,0.017569,-0.001246
0.001222,0.017398,-0.003738
0.001565,0.016956,-0.006322
0.002233,0.016302,-0.009026
0.00311,0.015494,-0.011876
0.004081,0.014588,-0.0149
0.005031,0.013642,-0.018123
0.005845,0.012715,-0.021573
0.005525,0.010742,-0.021568
0.004304,0.007637,-0.017834
0.002725,0.003556,-0.01095
0.001332,-0.001346,-0.001496
0.000666,-0.006912,0.009948
0.00127,-0.012987,0.022804
0.003686,-0.019414,0.036493
0.008458,-0.026037,0.050434
0.016128,-0.032701,0.064048
0.023218,-0.038885,0.074909
0.028649,-0.044348,0.083012
0.031941,-0.048919,0.088957
0.032614,-0.052423,0.093346
0.030188,-0.05469,0.09678
0.024185,-0.055547,0.099858
0.014123,-0.054822,0.103183
-0.000475,-0.052343,0.107355
-0.020092,-0.047937,0.112975
-0.037244,-0.046419,0.117828
-0.050861,-0.047886,0.121334
-0.061474,-0.051255,0.123319
-0.069614,-0.055443,0.123609
-0.075814,-0.059369,0.122033
-0.080602,-0.061948,0.118417
-0.084512,-0.062098,0.112587
-0.088075,-0.058737,0.104371
-0.091821,-0.050782,0.093597
-0.093736,-0.042467,0.084128
-0.093609,-0.034858,0.076497
-0.091679,-0.028231,0.070405
-0.088184,-0.022861,0.065551
-0.083363,-0.019023,0.061634
-0.077455,-0.016992,0.058354
-0.070698,-0.017042,0.05541
-0.063332,-0.01945,0.052502
-0.055594,-0.02449,0.049329
-0.047841,-0.03142,0.049754
-0.040473,-0.039815,0.053529
-0.033901,-0.049327,0.059382
-0.02854,-0.05961,0.066042
-0.024801,-0.070315,0.072234
-0.023096,-0.081096,0.076686
-0.023837,-0.091606,0.078126
-0.027438,-0.101498,0.075281
-0.03431,-0.110424,0.066878
-0.040743,-0.115598,0.055483
-0.046038,-0.116905,0.042308
-0.050254,-0.114895,0.028227
-0.053447,-0.110122,0.014114
-0.055674,-0.103135,0.000843
-0.056992,-0.094486,-0.010712
-0.057458,-0.084729,-0.019677
-0.057129,-0.074412,-0.025179
-0.056061,-0.06409,-0.026344
-0.055837,-0.055622,-0.024666
-0.056259,-0.048977,-0.020816
-0.056683,-0.043647,-0.015255
-0.056468,-0.039127,-0.008448
-0.05497,-0.03491,-0.000856
-0.051547,-0.030488,0.007058
-0.045556,-0.025356,0.01483
-0.036355,-0.019007,0.021999
-0.023301,-0.010935,0.0281
-0.01008,-0.002807,0.031193
0.002339,0.005153,0.031412
0.013666,0.013082,0.029413
0.023611,0.021119,0.025848
0.031883,0.029399,0.021374
0.038193,0.038062,0.016645
0.042251,0.047244,0.012314
0.043766,0.057083,0.009037
0.042448,0.067716,0.007468
0.039489,0.073501,0.00495
0.0354,0.073296,0.001358
0.030519,0.067089,-0.002801
0.025188,0.054863,-0.007023
0.019746,0.036604,-0.010799
0.014535,0.012297,-0.013623
0.009893,-0.018071,-0.014989
0.006161,-0.054517,-0.01439
0.003679,-0.097054,-0.01132
0.001312,-0.135839,-0.008943
-0.001073,-0.168963,-0.007738
-0.003357,-0.196504,-0.007514
-0.005424,-0.218538,-0.008078
-0.007155,-0.23514,-0.009238
-0.008432,-0.246387,-0.010801
-0.009137,-0.252356,-0.012575
-0.009152,-0.253123,-0.014368
-0.008359,-0.248764,-0.015987
-0.008832,-0.239456,-0.015525
-0.010556,-0.225821,-0.013233
-0.012996,-0.208592,-0.009902
-0.015615,-0.188503,-0.006325
-0.017879,-0.166287,-0.003293
-0.019251,-0.142677,-0.001599
-0.019195,-0.118407,-0.002033
-0.017177,-0.09421,-0.005389
-0.012659,-0.070819,-0.012456
-0.00748,-0.048805,-0.018951
-0.002208,-0.028482,-0.024118
0.002909,-0.010094,-0.028089
0.007621,0.006109,-0.030993
0.011677,0.019882,-0.03296
0.014829,0.030978,-0.034122
0.016826,0.03915,-0.034606
0.017419,0.04415,-0.034545
0.016359,0.045731,-0.034067
0.012606,0.050382,-0.032842
0.006621,0.058411,-0.030828
-0.000765,0.068584,-0.028055
-0.008716,0.079664,-0.024553
-0.016401,0.090417,-0.020352
-0.022985,0.099609,-0.015482
-0.027635,0.106003,-0.009973
-0.029519,0.108364,-0.003855
-0.027801,0.105458,0.002842
-0.02538,0.101735,0.008506
-0.022902,0.098167,0.012965
-0.020453,0.094857,0.016406
-0.018117,0.091907,0.019017
-0.015982,0.089421,0.020987
-0.014131,0.0875,0.022503
-0.01265,0.086247,0.023754
-0.011625,0.085766,0.024926
-0.011141,0.086158,0.026208
-0.010934,0.084323,0.027445
-0.010925,0.079923,0.028569
-0.011082,0.073312,0.029533
-0.011376,0.064843,0.030291
-0.011774,0.054869,0.030798
-0.012245,0.043745,0.031006
-0.012757,0.031823,0.030871
-0.01328,0.019458,0.030345
-0.013781,0.007002,0.029383
-0.015525,-0.004402,0.028807
-0.018613,-0.014427,0.028566
-0.022857,-0.022947,0.028391
-0.028069,-0.029837,0.028012
-0.03406,-0.034973,0.02716
-0.040643,-0.03823,0.025565
-0.047629,-0.039483,0.022958
-0.054829,-0.038607,0.019068
-0.062057,-0.035478,0.013627
-0.067141,-0.033564,0.010078
-0.069844,-0.033238,0.008601
-0.07041,-0.034093,0.008566
-0.069082,-0.035724,0.009338
-0.066104,-0.037727,0.010285
-0.061721,-0.039696,0.010775
-0.056177,-0.041227,0.010173
-0.049715,-0.041914,0.007849
-0.04258,-0.041353,0.003169
-0.036304,-0.035262,-0.000887
-0.031197,-0.024007,-0.00368
-0.027265,-0.009112,-0.005162
-0.024513,0.007896,-0.005284
-0.022946,0.025491,-0.003994
-0.022569,0.042149,-0.001245
-0.023387,0.056342,0.003014
-0.025407,0.066545,0.008832
-0.028633,0.071232,0.01626
-0.03167,0.073007,0.022994
-0.034115,0.072624,0.028736
-0.035811,0.070377,0.033686
-0.036605,0.066559,0.038047
-0.036339,0.061462,0.04202
-0.034859,0.055381,0.045805
-0.032009,0.048609,0.049606
-0.027633,0.041437,0.053622
-0.021576,0.03416,0.058055
-0.015757,0.029702,0.066825
-0.010549,0.028128,0.079449
-0.005936,0.028789,0.094338
-0.001904,0.031033,0.109907
0.001561,0.034211,0.124571
0.004473,0.037673,0.136742
0.006848,0.040769,0.144834
0.008698,0.042849,0.147263
0.01004,0.043263,0.14244
0.010186,0.043051,0.133255
0.009199,0.042322,0.121135
0.007326,0.040953,0.107142
0.004817,0.038818,0.092341
0.00192,0.035795,0.077792
-0.001118,0.031759,0.064559
-0.004046,0.026587,0.053704
-0.006618,0.020153,0.046291
-0.008584,0.012335,0.043381
-0.009773,0.00642,0.042007
-0.01026,0.002736,0.041421
-0.010181,0.000872,0.041428
-0.009669,0.000415,0.041835
-0.008862,0.000954,0.042446
-0.007894,0.002076,0.043069
-0.0069,0.00337,0.043509
-0.006017,0.004423,0.043573
-0.00538,0.004825,0.043065
-0.005834,0.003939,0.045665
-0.007578,0.001852,0.0509
-0.010651,-0.00117,0.057263
-0.015091,-0.004862,0.063242
-0.020936,-0.008958,0.067331
-0.028224,-0.013193,0.068018
-0.036992,-0.0173,0.063796
-0.047281,-0.021014,0.053155
-0.059126,-0.024069,0.034586
-0.070159,-0.026206,0.015856
-0.07971,-0.027668,-0.001324
-0.087532,-0.028825,-0.016756
-0.09338,-0.030047,-0.030244
-0.097007,-0.031701,-0.04159
-0.098167,-0.034159,-0.050597
-0.096615,-0.037788,-0.057068
-0.092105,-0.042959,-0.060805
-0.084391,-0.05004,-0.061611
-0.077353,-0.054439,-0.061342
-0.071801,-0.055773,-0.060201
-0.067771,-0.05471,-0.057983
-0.065304,-0.051923,-0.054481
-0.064439,-0.048079,-0.049488
-0.065214,-0.04385,-0.042798
-0.067668,-0.039904,-0.034205
-0.07184,-0.036913,-0.023501
-0.07777,-0.035545,-0.01048
-0.082942,-0.034778,-0.000065
-0.087072,-0.034234,0.007073
-0.09043,-0.033704,0.011323
-0.093289,-0.032972,0.013077
-0.095919,-0.031828,0.012725
-0.098593,-0.030059,0.010658
-0.101582,-0.027451,0.007265
-0.105157,-0.023793,0.002938
-0.109591,-0.018872,-0.001933
-0.114725,-0.014999,-0.004151
-0.120372,-0.012075,-0.003578
-0.126336,-0.009394,-0.000836
-0.132419,-0.006253,0.00345
-0.138427,-0.001948,0.008656
-0.144163,0.004224,0.014157
-0.14943,0.012968,0.019331
-0.154033,0.024986,0.023552
-0.157775,0.040984,0.026198
-0.156953,0.05747,0.028407
-0.151588,0.073376,0.030328
-0.142635,0.088241,0.031857
-0.131049,0.101603,0.032892
-0.117783,0.113001,0.03333
-0.103794,0.121975,0.03307
-0.090034,0.128061,0.032008
-0.077458,0.1308,0.030041
-0.067022,0.129729,0.027069
-0.057547,0.128616,0.026039
-0.048785,0.128059,0.027075
-0.040723,0.127864,0.029596
-0.033343,0.127836,0.033018
-0.026633,0.127783,0.03676
-0.020575,0.127509,0.040238
-0.015156,0.126822,0.042871
-0.010359,0.125525,0.044076
-0.006171,0.123426,0.04327
-0.003187,0.120913,0.041274
-0.001145,0.117992,0.03836
0.000437,0.114571,0.034664
0.002036,0.110559,0.030322
0.004133,0.105867,0.02547
0.007208,0.100404,0.020245
0.011739,0.094079,0.014782
0.018207,0.086802,0.009217
0.027091,0.078482,0.003687
0.036035,0.072624,-0.003384
0.044367,0.069252,-0.011534
0.051832,0.06752,-0.019786
0.058177,0.066581,-0.027168
0.063149,0.065587,-0.032704
0.066495,0.063693,-0.03542
0.067961,0.060051,-0.034342
0.067295,0.053815,-0.028495
0.064241,0.044137,-0.016906
0.062177,0.035672,-0.003672
0.061529,0.028862,0.009659
0.061991,0.023102,0.022181
0.063254,0.017784,0.032986
0.06501,0.012301,0.041168
0.066953,0.006047,0.045819
0.068773,-0.001587,0.046032
0.070163,-0.011207,0.040899
0.070816,-0.023421,0.029515
0.072571,-0.034045,0.018143
0.075533,-0.042348,0.007945
0.079369,-0.048461,-0.001199
0.08375,-0.052513,-0.009404
0.088345,-0.054636,-0.01679
0.092822,-0.05496,-0.023472
0.096851,-0.053615,-0.029568
0.100101,-0.050732,-0.035197
0.102242,-0.046441,-0.040475
0.10377,-0.039002,-0.046122
0.104909,-0.028951,-0.052148
0.105816,-0.017393,-0.058382
0.106646,-0.005433,-0.064655
0.107553,0.005822,-0.070799
0.108694,0.015268,-0.076642
0.110224,0.0218,-0.082017
0.112298,0.024312,-0.086753
0.115072,0.021698,-0.090681
0.115645,0.015959,-0.093028
0.113618,0.008077,-0.09343
0.109214,-0.001216,-0.091623
0.102655,-0.01119,-0.087345
0.094165,-0.021114,-0.080334
0.083969,-0.030258,-0.070326
0.072288,-0.037891,-0.057059
0.059346,-0.043282,-0.040271
0.045368,-0.045701,-0.019699
0.033297,-0.044786,-0.001733
0.023788,-0.040836,0.012113
0.016923,-0.03431,0.021545
0.012784,-0.025673,0.026272
0.011452,-0.015385,0.025999
0.013008,-0.003908,0.020434
0.017535,0.008296,0.009283
0.025115,0.020764,-0.007747
0.035828,0.033036,-0.030948
0.042052,0.04332,-0.052221
0.04315,0.051658,-0.070026
0.04023,0.058548,-0.084467
0.034404,0.064486,-0.095646
0.02678,0.069973,-0.103668
0.018469,0.075504,-0.108634
0.01058,0.081579,-0.110649
0.004223,0.088694,-0.109814
0.000507,0.097349,-0.106234
-0.003745,0.10777,-0.096196
-0.008693,0.118788,-0.080664
-0.013742,0.128886,-0.061772
-0.018299,0.136545,-0.041653
-0.021768,0.140246,-0.022439
-0.023556,0.138471,-0.006263
-0.023066,0.129703,0.004742
-0.019706,0.112422,0.008442
-0.01288,0.08511,0.002705
-0.00643,0.060581,-0.004538
-0.001,0.041064,-0.011674
0.003564,0.026143,-0.01867
0.007415,0.015402,-0.025495
0.010709,0.008424,-0.032115
0.013598,0.004793,-0.038497
0.016237,0.004093,-0.04461
0.01878,0.005907,-0.050419
0.02138,0.00982,-0.055893
0.023138,0.013448,-0.062097
0.023959,0.015753,-0.06905
0.023951,0.016033,-0.076507
0.023221,0.013584,-0.084225
0.021878,0.007704,-0.091961
0.020029,-0.00231,-0.099471
0.017782,-0.01716,-0.106511
0.015244,-0.03755,-0.112838
0.012523,-0.064183,-0.118208
0.009363,-0.090149,-0.121452
0.006057,-0.113866,-0.122477
0.003038,-0.135082,-0.121459
0.000735,-0.153544,-0.118573
-0.00042,-0.169001,-0.113996
0.000005,-0.181199,-0.107904
0.002441,-0.189888,-0.100472
0.007319,-0.194815,-0.091876
0.01507,-0.195728,-0.082292
0.022973,-0.193608,-0.072164
0.030357,-0.189106,-0.061806
0.037059,-0.182793,-0.0515
0.042918,-0.175239,-0.041527
0.047772,-0.167014,-0.032171
0.051462,-0.158689,-0.023711
0.053825,-0.150833,-0.016432
0.0547,-0.144018,-0.010613
0.053927,-0.138813,-0.006538
0.054545,-0.132981,-0.002833
0.056788,-0.126229,0.000785
0.06019,-0.118747,0.004329
0.064283,-0.110728,0.00781
0.068599,-0.102363,0.01124
0.07267,-0.093844,0.014632
0.076029,-0.085362,0.017997
0.078209,-0.07711,0.021347
0.078743,-0.069277,0.024694
0.078633,-0.064329,0.026952
0.078181,-0.061951,0.027986
0.07751,-0.061135,0.027904
0.076743,-0.060874,0.026811
0.076006,-0.060159,0.024811
0.075421,-0.057983,0.022012
0.075112,-0.053339,0.018519
0.075203,-0.045217,0.014437
0.075819,-0.032611,0.009872
0.077233,-0.020174,0.006267
0.079308,-0.009013,0.003733
0.081804,0.000655,0.002049
0.084481,0.008609,0.000994
0.087096,0.014632,0.000347
0.08941,0.018504,-0.000114
0.091182,0.020007,-0.00061
0.092171,0.018921,-0.001361
0.092137,0.015028,-0.00259
0.090451,0.00965,-0.004692
0.087189,0.003335,-0.007578
0.082604,-0.003563,-0.01104
0.076947,-0.010691,-0.01487
0.070471,-0.017694,-0.018859
0.063428,-0.024219,-0.022798
0.056069,-0.029912,-0.026479
0.048647,-0.034418,-0.029693
0.041414,-0.037385,-0.032232
0.036803,-0.037754,-0.033614
0.034695,-0.035427,-0.034012
0.034331,-0.030541,-0.033765
0.034955,-0.023236,-0.03321
0.035809,-0.013651,-0.032686
0.036136,-0.001924,-0.032531
0.035178,0.011805,-0.033082
0.032177,0.027398,-0.034677
0.026376,0.044715,-0.037655
0.020586,0.058017,-0.041968
0.015578,0.066877,-0.046953
0.011611,0.072194,-0.051792
0.008945,0.074867,-0.055669
0.007839,0.075798,-0.057766
0.008552,0.075886,-0.057266
0.011345,0.07603,-0.053352
0.016477,0.077131,-0.045207
0.024208,0.080089,-0.032013
0.032768,0.081928,-0.018775
0.041465,0.082377,-0.00638
0.049871,0.081836,0.005313
0.057562,0.080709,0.016445
0.064112,0.079398,0.027156
0.069094,0.078304,0.037586
0.072083,0.077831,0.047878
0.072654,0.07838,0.058171
0.07038,0.080353,0.068607
0.066016,0.084075,0.080866
0.060136,0.088755,0.094325
0.053268,0.093327,0.107786
0.045941,0.096722,0.120049
0.038682,0.097873,0.129916
0.032021,0.095712,0.136187
0.026485,0.089171,0.137664
0.022603,0.077183,0.133148
0.020903,0.058681,0.121439
0.021119,0.041074,0.109991
0.022744,0.025813,0.100309
0.025212,0.01286,0.09241
0.02796,0.002177,0.08631
0.03042,-0.006274,0.082028
0.032027,-0.012533,0.079581
0.032216,-0.016636,0.078985
0.030422,-0.018623,0.080258
0.026079,-0.018532,0.083418
0.019967,-0.018737,0.086825
0.012907,-0.019325,0.089559
0.005731,-0.019806,0.090883
-0.000729,-0.019693,0.090059
-0.005641,-0.018499,0.086349
-0.008174,-0.015735,0.079016
-0.007496,-0.010914,0.067321
-0.002776,-0.003548,0.050526
0.006819,0.006852,0.027894
0.015801,0.016486,0.00649
0.023287,0.024332,-0.01217
0.029544,0.030062,-0.027955
0.034837,0.033346,-0.040737
0.039434,0.033856,-0.050387
0.043601,0.031262,-0.056777
0.047605,0.025236,-0.059776
0.051712,0.015448,-0.059256
0.056189,0.001571,-0.055088
0.060694,-0.011616,-0.050728
0.064923,-0.022956,-0.046472
0.068579,-0.032201,-0.04183
0.071367,-0.039102,-0.036312
0.072991,-0.043409,-0.029424
0.073156,-0.044874,-0.020677
0.071566,-0.043248,-0.009579
0.067926,-0.038281,0.004362
0.06194,-0.029726,0.021636
0.056373,-0.021717,0.039293
0.051777,-0.014809,0.056303
0.048153,-0.008655,0.072119
0.045497,-0.002913,0.086194
0.04381,0.002763,0.09798
0.043089,0.008716,0.10693
0.043334,0.01529,0.112496
0.044543,0.02283,0.114132
0.046714,0.03168,0.111289
0.048588,0.038773,0.106018
0.049906,0.043533,0.099104
0.050664,0.046005,0.091013
0.050859,0.046234,0.082211
0.050485,0.044264,0.073163
0.049537,0.040142,0.064337
0.04801,0.033912,0.056199
0.045901,0.02562,0.049215
0.043205,0.01531,0.043852
0.042149,0.004971,0.040697
0.042557,-0.004479,0.039815
0.043653,-0.012391,0.04114
0.044659,-0.018114,0.044604
0.044797,-0.020997,0.050141
0.043291,-0.020391,0.057683
0.039363,-0.015646,0.067164
0.032236,-0.006111,0.078516
0.021134,0.008864,0.091674
0.009027,0.020216,0.104028
-0.003111,0.027118,0.11508
-0.014804,0.030803,0.124856
-0.02558,0.032503,0.133384
-0.034963,0.033451,0.140691
-0.04248,0.034878,0.146803
-0.047656,0.038017,0.151749
-0.050016,0.044101,0.155555
-0.049088,0.054362,0.158249
-0.043745,0.061791,0.158857
-0.034494,0.065514,0.157482
-0.022247,0.066192,0.154494
-0.007914,0.064484,0.150261
0.007592,0.061051,0.145155
0.023358,0.056551,0.139544
0.038474,0.051646,0.133798
0.052027,0.046994,0.128288
0.063105,0.043257,0.123383
0.06966,0.040364,0.119
0.072122,0.038088,0.114894
0.071542,0.036162,0.11078
0.068968,0.034318,0.106374
0.065453,0.032289,0.101389
0.062046,0.029807,0.095541
0.059797,0.026605,0.088545
0.059757,0.022415,0.080115
0.062975,0.016971,0.069966
0.066724,0.011713,0.060638
0.070292,0.007404,0.052685
0.073475,0.004637,0.046167
0.076067,0.004001,0.041141
0.077862,0.006089,0.037667
0.078654,0.011493,0.035804
0.078238,0.020805,0.03561
0.076409,0.034615,0.037143
0.07296,0.053515,0.040463
0.071326,0.069967,0.046153
0.071711,0.082228,0.053456
0.073513,0.090001,0.061277
0.076132,0.092993,0.068523
0.078965,0.090909,0.074102
0.08141,0.083454,0.076919
0.082865,0.070334,0.075882
0.08273,0.051252,0.069896
0.080402,0.025916,0.057868
0.076288,0.00574,0.047224
0.070768,-0.007908,0.039066
0.064217,-0.016176,0.032916
0.057009,-0.020208,0.028296
0.04952,-0.021152,0.024727
0.042124,-0.020154,0.021732
0.035196,-0.018359,0.018833
0.029109,-0.016914,0.01555
0.02424,-0.016966,0.011406
0.018561,-0.014518,0.008764
0.012048,-0.009386,0.007682
0.00518,-0.002334,0.007645
-0.001567,0.005872,0.008135
-0.007717,0.014468,0.008636
-0.01279,0.022687,0.008632
-0.016312,0.029764,0.007607
-0.017804,0.034935,0.005043
-0.016789,0.037433,0.000425
-0.014047,0.035863,-0.004449
-0.010039,0.030583,-0.009252
-0.005142,0.022388,-0.014022
0.000264,0.012072,-0.018796
0.005801,0.00043,-0.023615
0.011088,-0.011742,-0.028516
0.015749,-0.02365,-0.033537
0.019402,-0.034499,-0.038718
0.02167,-0.043493,-0.044096
0.022265,-0.050615,-0.049757
0.02141,-0.055905,-0.055583
0.019461,-0.059415,-0.061407
0.016771,-0.061199,-0.067062
0.013694,-0.061308,-0.072381
0.010584,-0.059796,-0.077197
0.007794,-0.056716,-0.081343
0.005678,-0.052121,-0.084652
0.004591,-0.046064,-0.086957
0.003321,-0.039407,-0.087285
0.001828,-0.032505,-0.086022
0.000366,-0.025588,-0.083894
-0.000815,-0.018885,-0.081626
-0.001462,-0.012624,-0.079945
-0.001322,-0.007034,-0.079575
-0.000144,-0.002345,-0.081243
0.002326,0.001216,-0.085674
0.006339,0.003418,-0.093593
0.010879,0.003989,-0.101791
0.01559,0.003023,-0.10946
0.020282,0.000711,-0.116396
0.024763,-0.002758,-0.122396
0.028843,-0.007195,-0.127253
0.03233,-0.012411,-0.130765
0.035034,-0.018215,-0.132726
0.036763,-0.02442,-0.132932
0.037327,-0.030835,-0.131179
0.038679,-0.034811,-0.12955
0.040908,-0.036149,-0.127779
0.043637,-0.035263,-0.125007
0.046491,-0.032567,-0.120379
0.049093,-0.028475,-0.113038
0.051066,-0.023402,-0.102128
0.052034,-0.017762,-0.086791
0.05162,-0.011969,-0.066172
0.049449,-0.006436,-0.039414
0.046965,-0.00091,-0.012906
0.044544,0.004505,0.011812
0.042289,0.009612,0.03441
0.040306,0.014216,0.054561
0.038701,0.018121,0.071936
0.037579,0.02113,0.086207
0.037046,0.023049,0.097045
0.037207,0.023681,0.104122
0.038167,0.022829,0.107109
0.040464,0.019466,0.109295
0.04374,0.013888,0.111078
0.047411,0.006727,0.112134
0.050895,-0.001387,0.112141
0.053609,-0.009823,0.110775
0.054972,-0.01795,0.107712
0.0544,-0.025138,0.10263
0.051311,-0.030757,0.095204
0.045122,-0.034175,0.085111
0.038412,-0.037667,0.076405
0.031748,-0.041616,0.069105
0.025192,-0.045928,0.062218
0.01881,-0.050511,0.054751
0.012665,-0.055273,0.045712
0.006821,-0.060121,0.034109
0.001343,-0.064963,0.01895
-0.003708,-0.069706,-0.000757
-0.008265,-0.074258,-0.026005
-0.013158,-0.08039,-0.044589
-0.018341,-0.087832,-0.055224
-0.023548,-0.095807,-0.059358
-0.028513,-0.103536,-0.058437
-0.03297,-0.110239,-0.053908
-0.036655,-0.11514,-0.047217
-0.039301,-0.117458,-0.03981
-0.040643,-0.116416,-0.033135
-0.040416,-0.111235,-0.028638
-0.039017,-0.105751,-0.025367
-0.036793,-0.100381,-0.022971
-0.034076,-0.094689,-0.02125
-0.031197,-0.088237,-0.020004
-0.028489,-0.080589,-0.019031
-0.026284,-0.071306,-0.01813
-0.024913,-0.059953,-0.017102
-0.024711,-0.046092,-0.015746
-0.026007,-0.029286,-0.013861
-0.02745,-0.014309,-0.010078
-0.028697,-0.002042,-0.004554
-0.029655,0.007606,0.002172
-0.030233,0.014727,0.009562
-0.030341,0.019413,0.017078
-0.029886,0.021756,0.02418
-0.028778,0.021846,0.030331
-0.026925,0.019777,0.034991
-0.024235,0.015639,0.037624
-0.021917,0.010647,0.038908
-0.019996,0.005208,0.038955
-0.018203,-0.00047,0.037733
-0.016267,-0.006181,0.03521
-0.013921,-0.011719,0.031353
-0.010893,-0.016876,0.026132
-0.006915,-0.021445,0.019513
-0.001717,-0.025221,0.011466
0.004971,-0.027997,0.001958
0.011155,-0.030288,-0.006817
0.016435,-0.032077,-0.014264
0.020809,-0.033211,-0.020185
0.024276,-0.033538,-0.024381
0.026835,-0.032906,-0.026655
0.028483,-0.031162,-0.026808
0.02922,-0.028153,-0.024644
0.029044,-0.023728,-0.019965
0.027953,-0.017733,-0.012572
0.026818,-0.011279,-0.005919
0.025706,-0.004815,-0.000674
0.024481,0.001369,0.003194
0.023008,0.006986,0.005715
0.021152,0.011748,0.006918
0.018779,0.015367,0.006834
0.015753,0.017554,0.005492
0.011939,0.018023,0.002922
0.007203,0.016484,-0.000846
0.002658,0.016822,-0.004223
-0.001483,0.019348,-0.006859
-0.005235,0.023478,-0.008713
-0.008614,0.028631,-0.009741
-0.011633,0.034224,-0.009903
-0.014309,0.039675,-0.009158
-0.016654,0.044401,-0.007463
-0.018685,0.047821,-0.004776
-0.020415,0.049352,-0.001057
-0.021304,0.049856,0.001878
-0.021518,0.049571,0.00399
-0.021397,0.048572,0.005683
-0.021283,0.04694,0.007362
-0.021518,0.044751,0.009432
-0.022443,0.042084,0.012298
-0.024399,0.039017,0.016365
-0.027729,0.035628,0.022037
-0.032774,0.031995,0.029719
-0.037981,0.027876,0.03616
-0.043037,0.023746,0.041027
-0.047937,0.020262,0.044713
-0.052676,0.018081,0.047614
-0.05725,0.01786,0.050124
-0.061653,0.020256,0.05264
-0.065882,0.025926,0.055555
-0.069931,0.035525,0.059266
-0.073796,0.049711,0.064166
-0.075598,0.059438,0.068205
-0.075421,0.063649,0.07101
-0.073838,0.063284,0.072631
-0.071425,0.059284,0.073115
-0.068753,0.052587,0.072512
-0.066398,0.044135,0.070868
-0.064932,0.034867,0.068234
-0.06493,0.025723,0.064656
-0.066965,0.017644,0.060184
-0.068257,0.011496,0.057657
-0.068232,0.007272,0.057533
-0.06687,0.004747,0.059675
-0.064149,0.003693,0.063946
-0.060049,0.003885,0.070211
-0.054549,0.005096,0.078331
-0.047628,0.007101,0.088171
-0.039265,0.009674,0.099593
-0.02944,0.012587,0.112461
-0.020599,0.01579,0.121997
-0.013034,0.019039,0.127317
-0.006496,0.022043,0.128504
-0.000739,0.024509,0.125646
0.004486,0.026147,0.118829
0.009426,0.026663,0.108138
0.01433,0.025768,0.09366
0.019445,0.023169,0.07548
0.025018,0.018574,0.053684
0.03132,0.015734,0.037012
0.038174,0.01499,0.026403
0.045297,0.015827,0.020845
0.052402,0.017733,0.019327
0.059203,0.020195,0.020838
0.065414,0.022699,0.024368
0.070751,0.024733,0.028904
0.074927,0.025784,0.033437
0.077657,0.025337,0.036954
0.079159,0.022889,0.039469
0.079338,0.018678,0.040911
0.078021,0.013127,0.041186
0.075036,0.006663,0.040201
0.07021,-0.000292,0.037863
0.06337,-0.007313,0.034079
0.054342,-0.013975,0.028754
0.042955,-0.019854,0.021797
0.029035,-0.024526,0.013114
0.017052,-0.027171,0.007626
0.007852,-0.028075,0.005961
0.001373,-0.027797,0.007677
-0.002449,-0.026897,0.012327
-0.003676,-0.025938,0.019468
-0.002369,-0.025478,0.028655
0.001409,-0.026078,0.039444
0.007595,-0.028299,0.05139
0.016128,-0.032701,0.064048
0.024271,-0.039519,0.072851
0.031424,-0.048236,0.077391
0.037525,-0.058145,0.078299
0.04251,-0.068539,0.076209
0.046314,-0.078711,0.07175
0.048874,-0.087956,0.065557
0.050125,-0.095566,0.05826
0.050004,-0.100836,0.050492
0.048447,-0.103058,0.042885
0.044706,-0.103713,0.035498
0.039103,-0.103061,0.028615
0.032225,-0.101058,0.02257
0.02466,-0.09766,0.017701
0.016996,-0.092824,0.014344
0.009821,-0.086504,0.012836
0.003724,-0.078657,0.013513
-0.000708,-0.069238,0.016712
-0.002887,-0.058204,0.02277
-0.0042,-0.047806,0.028319
-0.004978,-0.038538,0.03271
-0.005286,-0.030451,0.035971
-0.005191,-0.023598,0.038129
-0.004758,-0.018032,0.039214
-0.004053,-0.013806,0.039254
-0.003143,-0.010972,0.038276
-0.002093,-0.009582,0.036309
-0.00097,-0.009689,0.033382
0.000972,-0.008508,0.032058
0.003494,-0.005672,0.032804
0.006113,-0.001419,0.03556
0.008345,0.004014,0.040268
0.009704,0.010391,0.046867
0.009707,0.017473,0.0553
0.007869,0.025024,0.065507
0.003708,0.032807,0.077429
-0.003263,0.040583,0.091008
-0.008252,0.046929,0.102427
-0.010747,0.051651,0.111235
-0.011301,0.054861,0.117818
-0.010471,0.056675,0.122563
-0.008811,0.057206,0.125857
-0.006878,0.056567,0.128088
-0.005225,0.054873,0.129643
-0.004409,0.052237,0.130909
-0.004985,0.048773,0.132272
-0.006736,0.044551,0.130898
-0.009308,0.039545,0.126897
-0.012319,0.033705,0.121119
-0.015384,0.026982,0.114413
-0.018117,0.019326,0.107628
-0.020134,0.010687,0.101613
-0.021051,0.001015,0.097216
-0.020483,-0.009739,0.095286
-0.018045,-0.021625,0.096674
-0.015101,-0.034116,0.097224
-0.011737,-0.046959,0.096195
-0.007719,-0.059966,0.093694
-0.002812,-0.072951,0.08983
0.003216,-0.085726,0.084713
0.010599,-0.098106,0.07845
0.019572,-0.109904,0.07115
0.030367,-0.120933,0.062921
0.043219,-0.131006,0.053874
0.054383,-0.137159,0.045465
0.063288,-0.139241,0.038039
0.070156,-0.137802,0.031664
0.075208,-0.133395,0.026406
0.078666,-0.12657,0.022332
0.080752,-0.117879,0.019509
0.081688,-0.107875,0.018003
0.081696,-0.097107,0.017881
0.080997,-0.086128,0.01921
0.080151,-0.076888,0.021604
0.079117,-0.069686,0.024685
0.077704,-0.064403,0.028073
0.075722,-0.060925,0.031391
0.072979,-0.059133,0.034261
0.069285,-0.058912,0.036304
0.064449,-0.060146,0.037141
0.05828,-0.062717,0.036397
0.050587,-0.06651,0.03369
0.042934,-0.070526,0.030595
0.035501,-0.074368,0.027542
0.028124,-0.077786,0.02468
0.020639,-0.080533,0.022157
0.012883,-0.08236,0.02012
0.004689,-0.083019,0.018717
-0.004104,-0.082261,0.018095
-0.013662,-0.079838,0.018403
-0.024149,-0.075502,0.019788
-0.032959,-0.068654,0.02005
-0.039557,-0.05994,0.019121
-0.043925,-0.050311,0.017468
-0.046047,-0.04072,0.015557
-0.045904,-0.032121,0.013855
-0.043481,-0.025467,0.012827
-0.038758,-0.021711,0.012941
-0.031718,-0.021806,0.014662
-0.022346,-0.026705,0.018457
-0.012825,-0.032516,0.022706
-0.003843,-0.037935,0.026944
0.00429,-0.042308,0.030995
0.011261,-0.044978,0.034686
0.01676,-0.045289,0.03784
0.020475,-0.042587,0.040283
0.022096,-0.036215,0.041839
0.021311,-0.025519,0.042334
0.017808,-0.009841,0.041591
0.014068,0.004538,0.038848
0.010681,0.01613,0.034316
0.007766,0.024644,0.028446
0.00544,0.029789,0.021693
0.003821,0.031274,0.014507
0.003028,0.028809,0.007343
0.003179,0.022102,0.000654
0.004392,0.010862,-0.005108
0.006785,-0.005202,-0.009491
0.009714,-0.020543,-0.01369
0.012929,-0.033877,-0.017931
0.016281,-0.044982,-0.022197
0.01962,-0.053641,-0.026471
0.022796,-0.059631,-0.030736
0.02566,-0.062734,-0.034974
0.02806,-0.06273,-0.039168
0.029848,-0.059399,-0.043301
0.030874,-0.052521,-0.047356
0.031717,-0.043268,-0.048263
0.032533,-0.032457,-0.045827
0.033372,-0.020818,-0.040574
0.034283,-0.009077,-0.033029
0.035316,0.002035,-0.023717
0.03652,0.011792,-0.013164
0.037946,0.019464,-0.001895
0.039642,0.024323,0.009565
0.041659,0.02564,0.02069
0.042484,0.02713,0.030488
0.042044,0.029304,0.038987
0.040629,0.031875,0.046468
0.038526,0.034555,0.053215
0.036024,0.037056,0.05951
0.033412,0.039089,0.065634
0.030978,0.040368,0.071872
0.029011,0.040604,0.078504
0.027798,0.039509,0.085814
0.026708,0.038525,0.091317
0.025643,0.037672,0.094663
0.024638,0.036614,0.096035
0.02373,0.035014,0.095617
0.022953,0.032538,0.093593
0.022344,0.02885,0.090147
0.021939,0.023614,0.085462
0.021773,0.016495,0.079723
0.021882,0.007156,0.073114
0.022834,-0.000766,0.066125
0.024285,-0.006784,0.058777
0.025662,-0.0112,0.050975
0.026395,-0.014315,0.042621
0.025911,-0.01643,0.033619
0.023639,-0.017846,0.023871
0.019006,-0.018865,0.013282
0.011441,-0.019787,0.001754
0.000372,-0.020914,-0.010809
-0.008906,-0.023535,-0.022689
-0.015662,-0.027367,-0.0333
-0.02031,-0.031737,-0.042341
-0.023262,-0.035969,-0.049509
-0.024931,-0.039389,-0.054502
-0.025729,-0.041321,-0.057019
-0.026068,-0.041092,-0.056758
-0.026362,-0.038026,-0.053415
-0.027023,-0.031448,-0.046691
-0.027086,-0.026537,-0.040963
-0.026478,-0.023668,-0.036634
-0.02535,-0.022015,-0.033112
-0.023851,-0.020753,-0.029805
-0.022131,-0.019055,-0.026121
-0.020342,-0.016095,-0.021468
-0.018632,-0.011048,-0.015256
-0.017152,-0.003089,-0.006891
-0.016052,0.00861,0.004218
-0.015714,0.021917,0.015778
-0.015961,0.035823,0.026984
-0.016476,0.049603,0.037405
-0.016943,0.062529,0.04661
-0.017044,0.073874,0.054168
-0.016464,0.082911,0.059647
-0.014886,0.088913,0.062617
-0.011993,0.091152,0.062646
-0.007468,0.088902,0.059303
-0.003145,0.085002,0.054017
0.00075,0.080154,0.047414
0.004392,0.074529,0.03992
0.007953,0.068296,0.03196
0.011609,0.061625,0.023959
0.015534,0.054686,0.016343
0.019901,0.047648,0.009538
0.024885,0.040681,0.003967
0.030661,0.033954,0.000058
0.03583,0.026883,-0.002873
0.040162,0.019556,-0.005003
0.043716,0.012225,-0.006381
0.046553,0.005148,-0.007057
0.048732,-0.001422,-0.007081
0.050313,-0.00723,-0.006502
0.051357,-0.01202,-0.005372
0.051923,-0.015538,-0.003739
0.052072,-0.017528,-0.001653
0.051954,-0.01912,0.002706
0.051547,-0.02054,0.009158
0.050786,-0.021788,0.017018
0.049605,-0.022867,0.025602
0.047937,-0.023778,0.034227
0.045717,-0.024522,0.04221
0.042878,-0.025099,0.048866
0.039356,-0.025512,0.053513
0.035083,-0.025762,0.055466
0.030561,-0.025423,0.056195
0.025997,-0.024501,0.056135
0.021529,-0.023108,0.05546
0.017293,-0.021357,0.054347
0.013425,-0.01936,0.052971
0.010061,-0.01723,0.051506
0.007337,-0.01508,0.05013
0.005391,-0.013022,0.049016
0.004358,-0.011169,0.048341
0.003088,-0.009426,0.04753
0.001459,-0.007787,0.046532
